ERROR - 2026-05-20 05:35:13 --> Unable to prepare statement: no such table: employes
in SYSTEMPATH/Database/SQLite3/Connection.php on line 164.
 1 SYSTEMPATH/Database/SQLite3/Connection.php(164): SQLite3->query()
 2 SYSTEMPATH/Database/BaseConnection.php(910): CodeIgniter\Database\SQLite3\Connection->execute()
 3 SYSTEMPATH/Database/BaseConnection.php(827): CodeIgniter\Database\BaseConnection->simpleQuery()
 4 SYSTEMPATH/Database/BaseBuilder.php(1649): CodeIgniter\Database\BaseConnection->query()
 5 APPPATH/Controllers/Auth.php(17): CodeIgniter\Database\BaseBuilder->get()
 6 SYSTEMPATH/CodeIgniter.php(951): App\Controllers\Auth->index()
 7 SYSTEMPATH/CodeIgniter.php(497): CodeIgniter\CodeIgniter->runController()
 8 SYSTEMPATH/CodeIgniter.php(340): CodeIgniter\CodeIgniter->handleRequest()
 9 SYSTEMPATH/Boot.php(417): CodeIgniter\CodeIgniter->run()
10 SYSTEMPATH/Boot.php(68): CodeIgniter\Boot::runCodeIgniter()
11 FCPATH/index.php(59): CodeIgniter\Boot::bootWeb()
12 SYSTEMPATH/rewrite.php(44): require_once('/home/harena/Documents/ITU/S4/Système d’information/RHInterne/public/index.php')
CRITICAL - 2026-05-20 05:35:13 --> CodeIgniter\Database\Exceptions\DatabaseException: Unable to prepare statement: no such table: employes
[Method: GET, Route: /]
in SYSTEMPATH/Database/BaseConnection.php on line 865.
 1 SYSTEMPATH/Database/BaseBuilder.php(1649): CodeIgniter\Database\BaseConnection->query()
 2 APPPATH/Controllers/Auth.php(17): CodeIgniter\Database\BaseBuilder->get()
 3 SYSTEMPATH/CodeIgniter.php(951): App\Controllers\Auth->index()
 4 SYSTEMPATH/CodeIgniter.php(497): CodeIgniter\CodeIgniter->runController()
 5 SYSTEMPATH/CodeIgniter.php(340): CodeIgniter\CodeIgniter->handleRequest()
 6 SYSTEMPATH/Boot.php(417): CodeIgniter\CodeIgniter->run()
 7 SYSTEMPATH/Boot.php(68): CodeIgniter\Boot::runCodeIgniter()
 8 FCPATH/index.php(59): CodeIgniter\Boot::bootWeb()
 9 SYSTEMPATH/rewrite.php(44): require_once('/home/harena/Documents/ITU/S4/Système d’information/RHInterne/public/index.php')
CRITICAL - 2026-05-20 05:35:13 --> [Caused by] CodeIgniter\Database\Exceptions\DatabaseException: Unable to prepare statement: no such table: employes
in SYSTEMPATH/Database/SQLite3/Connection.php on line 174.
 1 SYSTEMPATH/Database/BaseConnection.php(910): CodeIgniter\Database\SQLite3\Connection->execute()
 2 SYSTEMPATH/Database/BaseConnection.php(827): CodeIgniter\Database\BaseConnection->simpleQuery()
 3 SYSTEMPATH/Database/BaseBuilder.php(1649): CodeIgniter\Database\BaseConnection->query()
 4 APPPATH/Controllers/Auth.php(17): CodeIgniter\Database\BaseBuilder->get()
 5 SYSTEMPATH/CodeIgniter.php(951): App\Controllers\Auth->index()
 6 SYSTEMPATH/CodeIgniter.php(497): CodeIgniter\CodeIgniter->runController()
 7 SYSTEMPATH/CodeIgniter.php(340): CodeIgniter\CodeIgniter->handleRequest()
 8 SYSTEMPATH/Boot.php(417): CodeIgniter\CodeIgniter->run()
 9 SYSTEMPATH/Boot.php(68): CodeIgniter\Boot::runCodeIgniter()
10 FCPATH/index.php(59): CodeIgniter\Boot::bootWeb()
11 SYSTEMPATH/rewrite.php(44): require_once('/home/harena/Documents/ITU/S4/Système d’information/RHInterne/public/index.php')
CRITICAL - 2026-05-20 05:35:13 --> [Caused by] SQLite3Exception: Unable to prepare statement: no such table: employes
in SYSTEMPATH/Database/SQLite3/Connection.php on line 164.
 1 SYSTEMPATH/Database/SQLite3/Connection.php(164): SQLite3->query()
 2 SYSTEMPATH/Database/BaseConnection.php(910): CodeIgniter\Database\SQLite3\Connection->execute()
 3 SYSTEMPATH/Database/BaseConnection.php(827): CodeIgniter\Database\BaseConnection->simpleQuery()
 4 SYSTEMPATH/Database/BaseBuilder.php(1649): CodeIgniter\Database\BaseConnection->query()
 5 APPPATH/Controllers/Auth.php(17): CodeIgniter\Database\BaseBuilder->get()
 6 SYSTEMPATH/CodeIgniter.php(951): App\Controllers\Auth->index()
 7 SYSTEMPATH/CodeIgniter.php(497): CodeIgniter\CodeIgniter->runController()
 8 SYSTEMPATH/CodeIgniter.php(340): CodeIgniter\CodeIgniter->handleRequest()
 9 SYSTEMPATH/Boot.php(417): CodeIgniter\CodeIgniter->run()
10 SYSTEMPATH/Boot.php(68): CodeIgniter\Boot::runCodeIgniter()
11 FCPATH/index.php(59): CodeIgniter\Boot::bootWeb()
12 SYSTEMPATH/rewrite.php(44): require_once('/home/harena/Documents/ITU/S4/Système d’information/RHInterne/public/index.php')
ERROR - 2026-05-20 05:35:48 --> Unable to prepare statement: no such table: employes
in SYSTEMPATH/Database/SQLite3/Connection.php on line 164.
 1 SYSTEMPATH/Database/SQLite3/Connection.php(164): SQLite3->query()
 2 SYSTEMPATH/Database/BaseConnection.php(910): CodeIgniter\Database\SQLite3\Connection->execute()
 3 SYSTEMPATH/Database/BaseConnection.php(827): CodeIgniter\Database\BaseConnection->simpleQuery()
 4 SYSTEMPATH/Database/BaseBuilder.php(1649): CodeIgniter\Database\BaseConnection->query()
 5 APPPATH/Controllers/Auth.php(17): CodeIgniter\Database\BaseBuilder->get()
 6 SYSTEMPATH/CodeIgniter.php(951): App\Controllers\Auth->index()
 7 SYSTEMPATH/CodeIgniter.php(497): CodeIgniter\CodeIgniter->runController()
 8 SYSTEMPATH/CodeIgniter.php(340): CodeIgniter\CodeIgniter->handleRequest()
 9 SYSTEMPATH/Boot.php(417): CodeIgniter\CodeIgniter->run()
10 SYSTEMPATH/Boot.php(68): CodeIgniter\Boot::runCodeIgniter()
11 FCPATH/index.php(59): CodeIgniter\Boot::bootWeb()
12 SYSTEMPATH/rewrite.php(44): require_once('/home/harena/Documents/ITU/S4/Système d’information/RHInterne/public/index.php')
CRITICAL - 2026-05-20 05:35:48 --> CodeIgniter\Database\Exceptions\DatabaseException: Unable to prepare statement: no such table: employes
[Method: GET, Route: /]
in SYSTEMPATH/Database/BaseConnection.php on line 865.
 1 SYSTEMPATH/Database/BaseBuilder.php(1649): CodeIgniter\Database\BaseConnection->query()
 2 APPPATH/Controllers/Auth.php(17): CodeIgniter\Database\BaseBuilder->get()
 3 SYSTEMPATH/CodeIgniter.php(951): App\Controllers\Auth->index()
 4 SYSTEMPATH/CodeIgniter.php(497): CodeIgniter\CodeIgniter->runController()
 5 SYSTEMPATH/CodeIgniter.php(340): CodeIgniter\CodeIgniter->handleRequest()
 6 SYSTEMPATH/Boot.php(417): CodeIgniter\CodeIgniter->run()
 7 SYSTEMPATH/Boot.php(68): CodeIgniter\Boot::runCodeIgniter()
 8 FCPATH/index.php(59): CodeIgniter\Boot::bootWeb()
 9 SYSTEMPATH/rewrite.php(44): require_once('/home/harena/Documents/ITU/S4/Système d’information/RHInterne/public/index.php')
CRITICAL - 2026-05-20 05:35:48 --> [Caused by] CodeIgniter\Database\Exceptions\DatabaseException: Unable to prepare statement: no such table: employes
in SYSTEMPATH/Database/SQLite3/Connection.php on line 174.
 1 SYSTEMPATH/Database/BaseConnection.php(910): CodeIgniter\Database\SQLite3\Connection->execute()
 2 SYSTEMPATH/Database/BaseConnection.php(827): CodeIgniter\Database\BaseConnection->simpleQuery()
 3 SYSTEMPATH/Database/BaseBuilder.php(1649): CodeIgniter\Database\BaseConnection->query()
 4 APPPATH/Controllers/Auth.php(17): CodeIgniter\Database\BaseBuilder->get()
 5 SYSTEMPATH/CodeIgniter.php(951): App\Controllers\Auth->index()
 6 SYSTEMPATH/CodeIgniter.php(497): CodeIgniter\CodeIgniter->runController()
 7 SYSTEMPATH/CodeIgniter.php(340): CodeIgniter\CodeIgniter->handleRequest()
 8 SYSTEMPATH/Boot.php(417): CodeIgniter\CodeIgniter->run()
 9 SYSTEMPATH/Boot.php(68): CodeIgniter\Boot::runCodeIgniter()
10 FCPATH/index.php(59): CodeIgniter\Boot::bootWeb()
11 SYSTEMPATH/rewrite.php(44): require_once('/home/harena/Documents/ITU/S4/Système d’information/RHInterne/public/index.php')
CRITICAL - 2026-05-20 05:35:48 --> [Caused by] SQLite3Exception: Unable to prepare statement: no such table: employes
in SYSTEMPATH/Database/SQLite3/Connection.php on line 164.
 1 SYSTEMPATH/Database/SQLite3/Connection.php(164): SQLite3->query()
 2 SYSTEMPATH/Database/BaseConnection.php(910): CodeIgniter\Database\SQLite3\Connection->execute()
 3 SYSTEMPATH/Database/BaseConnection.php(827): CodeIgniter\Database\BaseConnection->simpleQuery()
 4 SYSTEMPATH/Database/BaseBuilder.php(1649): CodeIgniter\Database\BaseConnection->query()
 5 APPPATH/Controllers/Auth.php(17): CodeIgniter\Database\BaseBuilder->get()
 6 SYSTEMPATH/CodeIgniter.php(951): App\Controllers\Auth->index()
 7 SYSTEMPATH/CodeIgniter.php(497): CodeIgniter\CodeIgniter->runController()
 8 SYSTEMPATH/CodeIgniter.php(340): CodeIgniter\CodeIgniter->handleRequest()
 9 SYSTEMPATH/Boot.php(417): CodeIgniter\CodeIgniter->run()
10 SYSTEMPATH/Boot.php(68): CodeIgniter\Boot::runCodeIgniter()
11 FCPATH/index.php(59): CodeIgniter\Boot::bootWeb()
12 SYSTEMPATH/rewrite.php(44): require_once('/home/harena/Documents/ITU/S4/Système d’information/RHInterne/public/index.php')
ERROR - 2026-05-20 05:40:20 --> Unable to prepare statement: no such table: employes
in SYSTEMPATH/Database/SQLite3/Connection.php on line 164.
 1 SYSTEMPATH/Database/SQLite3/Connection.php(164): SQLite3->query()
 2 SYSTEMPATH/Database/BaseConnection.php(910): CodeIgniter\Database\SQLite3\Connection->execute()
 3 SYSTEMPATH/Database/BaseConnection.php(827): CodeIgniter\Database\BaseConnection->simpleQuery()
 4 SYSTEMPATH/Database/BaseBuilder.php(1649): CodeIgniter\Database\BaseConnection->query()
 5 APPPATH/Controllers/Auth.php(17): CodeIgniter\Database\BaseBuilder->get()
 6 SYSTEMPATH/CodeIgniter.php(951): App\Controllers\Auth->index()
 7 SYSTEMPATH/CodeIgniter.php(497): CodeIgniter\CodeIgniter->runController()
 8 SYSTEMPATH/CodeIgniter.php(340): CodeIgniter\CodeIgniter->handleRequest()
 9 SYSTEMPATH/Boot.php(417): CodeIgniter\CodeIgniter->run()
10 SYSTEMPATH/Boot.php(68): CodeIgniter\Boot::runCodeIgniter()
11 FCPATH/index.php(59): CodeIgniter\Boot::bootWeb()
12 SYSTEMPATH/rewrite.php(44): require_once('/home/harena/Documents/ITU/S4/Système d’information/RHInterne/public/index.php')
CRITICAL - 2026-05-20 05:40:20 --> CodeIgniter\Database\Exceptions\DatabaseException: Unable to prepare statement: no such table: employes
[Method: GET, Route: /]
in SYSTEMPATH/Database/BaseConnection.php on line 865.
 1 SYSTEMPATH/Database/BaseBuilder.php(1649): CodeIgniter\Database\BaseConnection->query()
 2 APPPATH/Controllers/Auth.php(17): CodeIgniter\Database\BaseBuilder->get()
 3 SYSTEMPATH/CodeIgniter.php(951): App\Controllers\Auth->index()
 4 SYSTEMPATH/CodeIgniter.php(497): CodeIgniter\CodeIgniter->runController()
 5 SYSTEMPATH/CodeIgniter.php(340): CodeIgniter\CodeIgniter->handleRequest()
 6 SYSTEMPATH/Boot.php(417): CodeIgniter\CodeIgniter->run()
 7 SYSTEMPATH/Boot.php(68): CodeIgniter\Boot::runCodeIgniter()
 8 FCPATH/index.php(59): CodeIgniter\Boot::bootWeb()
 9 SYSTEMPATH/rewrite.php(44): require_once('/home/harena/Documents/ITU/S4/Système d’information/RHInterne/public/index.php')
CRITICAL - 2026-05-20 05:40:20 --> [Caused by] CodeIgniter\Database\Exceptions\DatabaseException: Unable to prepare statement: no such table: employes
in SYSTEMPATH/Database/SQLite3/Connection.php on line 174.
 1 SYSTEMPATH/Database/BaseConnection.php(910): CodeIgniter\Database\SQLite3\Connection->execute()
 2 SYSTEMPATH/Database/BaseConnection.php(827): CodeIgniter\Database\BaseConnection->simpleQuery()
 3 SYSTEMPATH/Database/BaseBuilder.php(1649): CodeIgniter\Database\BaseConnection->query()
 4 APPPATH/Controllers/Auth.php(17): CodeIgniter\Database\BaseBuilder->get()
 5 SYSTEMPATH/CodeIgniter.php(951): App\Controllers\Auth->index()
 6 SYSTEMPATH/CodeIgniter.php(497): CodeIgniter\CodeIgniter->runController()
 7 SYSTEMPATH/CodeIgniter.php(340): CodeIgniter\CodeIgniter->handleRequest()
 8 SYSTEMPATH/Boot.php(417): CodeIgniter\CodeIgniter->run()
 9 SYSTEMPATH/Boot.php(68): CodeIgniter\Boot::runCodeIgniter()
10 FCPATH/index.php(59): CodeIgniter\Boot::bootWeb()
11 SYSTEMPATH/rewrite.php(44): require_once('/home/harena/Documents/ITU/S4/Système d’information/RHInterne/public/index.php')
CRITICAL - 2026-05-20 05:40:20 --> [Caused by] SQLite3Exception: Unable to prepare statement: no such table: employes
in SYSTEMPATH/Database/SQLite3/Connection.php on line 164.
 1 SYSTEMPATH/Database/SQLite3/Connection.php(164): SQLite3->query()
 2 SYSTEMPATH/Database/BaseConnection.php(910): CodeIgniter\Database\SQLite3\Connection->execute()
 3 SYSTEMPATH/Database/BaseConnection.php(827): CodeIgniter\Database\BaseConnection->simpleQuery()
 4 SYSTEMPATH/Database/BaseBuilder.php(1649): CodeIgniter\Database\BaseConnection->query()
 5 APPPATH/Controllers/Auth.php(17): CodeIgniter\Database\BaseBuilder->get()
 6 SYSTEMPATH/CodeIgniter.php(951): App\Controllers\Auth->index()
 7 SYSTEMPATH/CodeIgniter.php(497): CodeIgniter\CodeIgniter->runController()
 8 SYSTEMPATH/CodeIgniter.php(340): CodeIgniter\CodeIgniter->handleRequest()
 9 SYSTEMPATH/Boot.php(417): CodeIgniter\CodeIgniter->run()
10 SYSTEMPATH/Boot.php(68): CodeIgniter\Boot::runCodeIgniter()
11 FCPATH/index.php(59): CodeIgniter\Boot::bootWeb()
12 SYSTEMPATH/rewrite.php(44): require_once('/home/harena/Documents/ITU/S4/Système d’information/RHInterne/public/index.php')
ERROR - 2026-05-20 05:40:41 --> Unable to prepare statement: no such table: employes
in SYSTEMPATH/Database/SQLite3/Connection.php on line 164.
 1 SYSTEMPATH/Database/SQLite3/Connection.php(164): SQLite3->query()
 2 SYSTEMPATH/Database/BaseConnection.php(910): CodeIgniter\Database\SQLite3\Connection->execute()
 3 SYSTEMPATH/Database/BaseConnection.php(827): CodeIgniter\Database\BaseConnection->simpleQuery()
 4 SYSTEMPATH/Database/BaseBuilder.php(1649): CodeIgniter\Database\BaseConnection->query()
 5 APPPATH/Controllers/Auth.php(17): CodeIgniter\Database\BaseBuilder->get()
 6 SYSTEMPATH/CodeIgniter.php(951): App\Controllers\Auth->index()
 7 SYSTEMPATH/CodeIgniter.php(497): CodeIgniter\CodeIgniter->runController()
 8 SYSTEMPATH/CodeIgniter.php(340): CodeIgniter\CodeIgniter->handleRequest()
 9 SYSTEMPATH/Boot.php(417): CodeIgniter\CodeIgniter->run()
10 SYSTEMPATH/Boot.php(68): CodeIgniter\Boot::runCodeIgniter()
11 FCPATH/index.php(59): CodeIgniter\Boot::bootWeb()
12 SYSTEMPATH/rewrite.php(44): require_once('/home/harena/Documents/ITU/S4/Système d’information/RHInterne/public/index.php')
CRITICAL - 2026-05-20 05:40:41 --> CodeIgniter\Database\Exceptions\DatabaseException: Unable to prepare statement: no such table: employes
[Method: GET, Route: /]
in SYSTEMPATH/Database/BaseConnection.php on line 865.
 1 SYSTEMPATH/Database/BaseBuilder.php(1649): CodeIgniter\Database\BaseConnection->query()
 2 APPPATH/Controllers/Auth.php(17): CodeIgniter\Database\BaseBuilder->get()
 3 SYSTEMPATH/CodeIgniter.php(951): App\Controllers\Auth->index()
 4 SYSTEMPATH/CodeIgniter.php(497): CodeIgniter\CodeIgniter->runController()
 5 SYSTEMPATH/CodeIgniter.php(340): CodeIgniter\CodeIgniter->handleRequest()
 6 SYSTEMPATH/Boot.php(417): CodeIgniter\CodeIgniter->run()
 7 SYSTEMPATH/Boot.php(68): CodeIgniter\Boot::runCodeIgniter()
 8 FCPATH/index.php(59): CodeIgniter\Boot::bootWeb()
 9 SYSTEMPATH/rewrite.php(44): require_once('/home/harena/Documents/ITU/S4/Système d’information/RHInterne/public/index.php')
CRITICAL - 2026-05-20 05:40:41 --> [Caused by] CodeIgniter\Database\Exceptions\DatabaseException: Unable to prepare statement: no such table: employes
in SYSTEMPATH/Database/SQLite3/Connection.php on line 174.
 1 SYSTEMPATH/Database/BaseConnection.php(910): CodeIgniter\Database\SQLite3\Connection->execute()
 2 SYSTEMPATH/Database/BaseConnection.php(827): CodeIgniter\Database\BaseConnection->simpleQuery()
 3 SYSTEMPATH/Database/BaseBuilder.php(1649): CodeIgniter\Database\BaseConnection->query()
 4 APPPATH/Controllers/Auth.php(17): CodeIgniter\Database\BaseBuilder->get()
 5 SYSTEMPATH/CodeIgniter.php(951): App\Controllers\Auth->index()
 6 SYSTEMPATH/CodeIgniter.php(497): CodeIgniter\CodeIgniter->runController()
 7 SYSTEMPATH/CodeIgniter.php(340): CodeIgniter\CodeIgniter->handleRequest()
 8 SYSTEMPATH/Boot.php(417): CodeIgniter\CodeIgniter->run()
 9 SYSTEMPATH/Boot.php(68): CodeIgniter\Boot::runCodeIgniter()
10 FCPATH/index.php(59): CodeIgniter\Boot::bootWeb()
11 SYSTEMPATH/rewrite.php(44): require_once('/home/harena/Documents/ITU/S4/Système d’information/RHInterne/public/index.php')
CRITICAL - 2026-05-20 05:40:41 --> [Caused by] SQLite3Exception: Unable to prepare statement: no such table: employes
in SYSTEMPATH/Database/SQLite3/Connection.php on line 164.
 1 SYSTEMPATH/Database/SQLite3/Connection.php(164): SQLite3->query()
 2 SYSTEMPATH/Database/BaseConnection.php(910): CodeIgniter\Database\SQLite3\Connection->execute()
 3 SYSTEMPATH/Database/BaseConnection.php(827): CodeIgniter\Database\BaseConnection->simpleQuery()
 4 SYSTEMPATH/Database/BaseBuilder.php(1649): CodeIgniter\Database\BaseConnection->query()
 5 APPPATH/Controllers/Auth.php(17): CodeIgniter\Database\BaseBuilder->get()
 6 SYSTEMPATH/CodeIgniter.php(951): App\Controllers\Auth->index()
 7 SYSTEMPATH/CodeIgniter.php(497): CodeIgniter\CodeIgniter->runController()
 8 SYSTEMPATH/CodeIgniter.php(340): CodeIgniter\CodeIgniter->handleRequest()
 9 SYSTEMPATH/Boot.php(417): CodeIgniter\CodeIgniter->run()
10 SYSTEMPATH/Boot.php(68): CodeIgniter\Boot::runCodeIgniter()
11 FCPATH/index.php(59): CodeIgniter\Boot::bootWeb()
12 SYSTEMPATH/rewrite.php(44): require_once('/home/harena/Documents/ITU/S4/Système d’information/RHInterne/public/index.php')
ERROR - 2026-05-20 05:40:41 --> Unable to prepare statement: no such table: employes
in SYSTEMPATH/Database/SQLite3/Connection.php on line 164.
 1 SYSTEMPATH/Database/SQLite3/Connection.php(164): SQLite3->query()
 2 SYSTEMPATH/Database/BaseConnection.php(910): CodeIgniter\Database\SQLite3\Connection->execute()
 3 SYSTEMPATH/Database/BaseConnection.php(827): CodeIgniter\Database\BaseConnection->simpleQuery()
 4 SYSTEMPATH/Database/BaseBuilder.php(1649): CodeIgniter\Database\BaseConnection->query()
 5 APPPATH/Controllers/Auth.php(17): CodeIgniter\Database\BaseBuilder->get()
 6 SYSTEMPATH/CodeIgniter.php(951): App\Controllers\Auth->index()
 7 SYSTEMPATH/CodeIgniter.php(497): CodeIgniter\CodeIgniter->runController()
 8 SYSTEMPATH/CodeIgniter.php(340): CodeIgniter\CodeIgniter->handleRequest()
 9 SYSTEMPATH/Boot.php(417): CodeIgniter\CodeIgniter->run()
10 SYSTEMPATH/Boot.php(68): CodeIgniter\Boot::runCodeIgniter()
11 FCPATH/index.php(59): CodeIgniter\Boot::bootWeb()
12 SYSTEMPATH/rewrite.php(44): require_once('/home/harena/Documents/ITU/S4/Système d’information/RHInterne/public/index.php')
CRITICAL - 2026-05-20 05:40:41 --> CodeIgniter\Database\Exceptions\DatabaseException: Unable to prepare statement: no such table: employes
[Method: GET, Route: /]
in SYSTEMPATH/Database/BaseConnection.php on line 865.
 1 SYSTEMPATH/Database/BaseBuilder.php(1649): CodeIgniter\Database\BaseConnection->query()
 2 APPPATH/Controllers/Auth.php(17): CodeIgniter\Database\BaseBuilder->get()
 3 SYSTEMPATH/CodeIgniter.php(951): App\Controllers\Auth->index()
 4 SYSTEMPATH/CodeIgniter.php(497): CodeIgniter\CodeIgniter->runController()
 5 SYSTEMPATH/CodeIgniter.php(340): CodeIgniter\CodeIgniter->handleRequest()
 6 SYSTEMPATH/Boot.php(417): CodeIgniter\CodeIgniter->run()
 7 SYSTEMPATH/Boot.php(68): CodeIgniter\Boot::runCodeIgniter()
 8 FCPATH/index.php(59): CodeIgniter\Boot::bootWeb()
 9 SYSTEMPATH/rewrite.php(44): require_once('/home/harena/Documents/ITU/S4/Système d’information/RHInterne/public/index.php')
CRITICAL - 2026-05-20 05:40:41 --> [Caused by] CodeIgniter\Database\Exceptions\DatabaseException: Unable to prepare statement: no such table: employes
in SYSTEMPATH/Database/SQLite3/Connection.php on line 174.
 1 SYSTEMPATH/Database/BaseConnection.php(910): CodeIgniter\Database\SQLite3\Connection->execute()
 2 SYSTEMPATH/Database/BaseConnection.php(827): CodeIgniter\Database\BaseConnection->simpleQuery()
 3 SYSTEMPATH/Database/BaseBuilder.php(1649): CodeIgniter\Database\BaseConnection->query()
 4 APPPATH/Controllers/Auth.php(17): CodeIgniter\Database\BaseBuilder->get()
 5 SYSTEMPATH/CodeIgniter.php(951): App\Controllers\Auth->index()
 6 SYSTEMPATH/CodeIgniter.php(497): CodeIgniter\CodeIgniter->runController()
 7 SYSTEMPATH/CodeIgniter.php(340): CodeIgniter\CodeIgniter->handleRequest()
 8 SYSTEMPATH/Boot.php(417): CodeIgniter\CodeIgniter->run()
 9 SYSTEMPATH/Boot.php(68): CodeIgniter\Boot::runCodeIgniter()
10 FCPATH/index.php(59): CodeIgniter\Boot::bootWeb()
11 SYSTEMPATH/rewrite.php(44): require_once('/home/harena/Documents/ITU/S4/Système d’information/RHInterne/public/index.php')
CRITICAL - 2026-05-20 05:40:41 --> [Caused by] SQLite3Exception: Unable to prepare statement: no such table: employes
in SYSTEMPATH/Database/SQLite3/Connection.php on line 164.
 1 SYSTEMPATH/Database/SQLite3/Connection.php(164): SQLite3->query()
 2 SYSTEMPATH/Database/BaseConnection.php(910): CodeIgniter\Database\SQLite3\Connection->execute()
 3 SYSTEMPATH/Database/BaseConnection.php(827): CodeIgniter\Database\BaseConnection->simpleQuery()
 4 SYSTEMPATH/Database/BaseBuilder.php(1649): CodeIgniter\Database\BaseConnection->query()
 5 APPPATH/Controllers/Auth.php(17): CodeIgniter\Database\BaseBuilder->get()
 6 SYSTEMPATH/CodeIgniter.php(951): App\Controllers\Auth->index()
 7 SYSTEMPATH/CodeIgniter.php(497): CodeIgniter\CodeIgniter->runController()
 8 SYSTEMPATH/CodeIgniter.php(340): CodeIgniter\CodeIgniter->handleRequest()
 9 SYSTEMPATH/Boot.php(417): CodeIgniter\CodeIgniter->run()
10 SYSTEMPATH/Boot.php(68): CodeIgniter\Boot::runCodeIgniter()
11 FCPATH/index.php(59): CodeIgniter\Boot::bootWeb()
12 SYSTEMPATH/rewrite.php(44): require_once('/home/harena/Documents/ITU/S4/Système d’information/RHInterne/public/index.php')
ERROR - 2026-05-20 05:40:41 --> Unable to prepare statement: no such table: employes
in SYSTEMPATH/Database/SQLite3/Connection.php on line 164.
 1 SYSTEMPATH/Database/SQLite3/Connection.php(164): SQLite3->query()
 2 SYSTEMPATH/Database/BaseConnection.php(910): CodeIgniter\Database\SQLite3\Connection->execute()
 3 SYSTEMPATH/Database/BaseConnection.php(827): CodeIgniter\Database\BaseConnection->simpleQuery()
 4 SYSTEMPATH/Database/BaseBuilder.php(1649): CodeIgniter\Database\BaseConnection->query()
 5 APPPATH/Controllers/Auth.php(17): CodeIgniter\Database\BaseBuilder->get()
 6 SYSTEMPATH/CodeIgniter.php(951): App\Controllers\Auth->index()
 7 SYSTEMPATH/CodeIgniter.php(497): CodeIgniter\CodeIgniter->runController()
 8 SYSTEMPATH/CodeIgniter.php(340): CodeIgniter\CodeIgniter->handleRequest()
 9 SYSTEMPATH/Boot.php(417): CodeIgniter\CodeIgniter->run()
10 SYSTEMPATH/Boot.php(68): CodeIgniter\Boot::runCodeIgniter()
11 FCPATH/index.php(59): CodeIgniter\Boot::bootWeb()
12 SYSTEMPATH/rewrite.php(44): require_once('/home/harena/Documents/ITU/S4/Système d’information/RHInterne/public/index.php')
CRITICAL - 2026-05-20 05:40:41 --> CodeIgniter\Database\Exceptions\DatabaseException: Unable to prepare statement: no such table: employes
[Method: GET, Route: /]
in SYSTEMPATH/Database/BaseConnection.php on line 865.
 1 SYSTEMPATH/Database/BaseBuilder.php(1649): CodeIgniter\Database\BaseConnection->query()
 2 APPPATH/Controllers/Auth.php(17): CodeIgniter\Database\BaseBuilder->get()
 3 SYSTEMPATH/CodeIgniter.php(951): App\Controllers\Auth->index()
 4 SYSTEMPATH/CodeIgniter.php(497): CodeIgniter\CodeIgniter->runController()
 5 SYSTEMPATH/CodeIgniter.php(340): CodeIgniter\CodeIgniter->handleRequest()
 6 SYSTEMPATH/Boot.php(417): CodeIgniter\CodeIgniter->run()
 7 SYSTEMPATH/Boot.php(68): CodeIgniter\Boot::runCodeIgniter()
 8 FCPATH/index.php(59): CodeIgniter\Boot::bootWeb()
 9 SYSTEMPATH/rewrite.php(44): require_once('/home/harena/Documents/ITU/S4/Système d’information/RHInterne/public/index.php')
CRITICAL - 2026-05-20 05:40:41 --> [Caused by] CodeIgniter\Database\Exceptions\DatabaseException: Unable to prepare statement: no such table: employes
in SYSTEMPATH/Database/SQLite3/Connection.php on line 174.
 1 SYSTEMPATH/Database/BaseConnection.php(910): CodeIgniter\Database\SQLite3\Connection->execute()
 2 SYSTEMPATH/Database/BaseConnection.php(827): CodeIgniter\Database\BaseConnection->simpleQuery()
 3 SYSTEMPATH/Database/BaseBuilder.php(1649): CodeIgniter\Database\BaseConnection->query()
 4 APPPATH/Controllers/Auth.php(17): CodeIgniter\Database\BaseBuilder->get()
 5 SYSTEMPATH/CodeIgniter.php(951): App\Controllers\Auth->index()
 6 SYSTEMPATH/CodeIgniter.php(497): CodeIgniter\CodeIgniter->runController()
 7 SYSTEMPATH/CodeIgniter.php(340): CodeIgniter\CodeIgniter->handleRequest()
 8 SYSTEMPATH/Boot.php(417): CodeIgniter\CodeIgniter->run()
 9 SYSTEMPATH/Boot.php(68): CodeIgniter\Boot::runCodeIgniter()
10 FCPATH/index.php(59): CodeIgniter\Boot::bootWeb()
11 SYSTEMPATH/rewrite.php(44): require_once('/home/harena/Documents/ITU/S4/Système d’information/RHInterne/public/index.php')
CRITICAL - 2026-05-20 05:40:41 --> [Caused by] SQLite3Exception: Unable to prepare statement: no such table: employes
in SYSTEMPATH/Database/SQLite3/Connection.php on line 164.
 1 SYSTEMPATH/Database/SQLite3/Connection.php(164): SQLite3->query()
 2 SYSTEMPATH/Database/BaseConnection.php(910): CodeIgniter\Database\SQLite3\Connection->execute()
 3 SYSTEMPATH/Database/BaseConnection.php(827): CodeIgniter\Database\BaseConnection->simpleQuery()
 4 SYSTEMPATH/Database/BaseBuilder.php(1649): CodeIgniter\Database\BaseConnection->query()
 5 APPPATH/Controllers/Auth.php(17): CodeIgniter\Database\BaseBuilder->get()
 6 SYSTEMPATH/CodeIgniter.php(951): App\Controllers\Auth->index()
 7 SYSTEMPATH/CodeIgniter.php(497): CodeIgniter\CodeIgniter->runController()
 8 SYSTEMPATH/CodeIgniter.php(340): CodeIgniter\CodeIgniter->handleRequest()
 9 SYSTEMPATH/Boot.php(417): CodeIgniter\CodeIgniter->run()
10 SYSTEMPATH/Boot.php(68): CodeIgniter\Boot::runCodeIgniter()
11 FCPATH/index.php(59): CodeIgniter\Boot::bootWeb()
12 SYSTEMPATH/rewrite.php(44): require_once('/home/harena/Documents/ITU/S4/Système d’information/RHInterne/public/index.php')
ERROR - 2026-05-20 05:40:42 --> Unable to prepare statement: no such table: employes
in SYSTEMPATH/Database/SQLite3/Connection.php on line 164.
 1 SYSTEMPATH/Database/SQLite3/Connection.php(164): SQLite3->query()
 2 SYSTEMPATH/Database/BaseConnection.php(910): CodeIgniter\Database\SQLite3\Connection->execute()
 3 SYSTEMPATH/Database/BaseConnection.php(827): CodeIgniter\Database\BaseConnection->simpleQuery()
 4 SYSTEMPATH/Database/BaseBuilder.php(1649): CodeIgniter\Database\BaseConnection->query()
 5 APPPATH/Controllers/Auth.php(17): CodeIgniter\Database\BaseBuilder->get()
 6 SYSTEMPATH/CodeIgniter.php(951): App\Controllers\Auth->index()
 7 SYSTEMPATH/CodeIgniter.php(497): CodeIgniter\CodeIgniter->runController()
 8 SYSTEMPATH/CodeIgniter.php(340): CodeIgniter\CodeIgniter->handleRequest()
 9 SYSTEMPATH/Boot.php(417): CodeIgniter\CodeIgniter->run()
10 SYSTEMPATH/Boot.php(68): CodeIgniter\Boot::runCodeIgniter()
11 FCPATH/index.php(59): CodeIgniter\Boot::bootWeb()
12 SYSTEMPATH/rewrite.php(44): require_once('/home/harena/Documents/ITU/S4/Système d’information/RHInterne/public/index.php')
CRITICAL - 2026-05-20 05:40:42 --> CodeIgniter\Database\Exceptions\DatabaseException: Unable to prepare statement: no such table: employes
[Method: GET, Route: /]
in SYSTEMPATH/Database/BaseConnection.php on line 865.
 1 SYSTEMPATH/Database/BaseBuilder.php(1649): CodeIgniter\Database\BaseConnection->query()
 2 APPPATH/Controllers/Auth.php(17): CodeIgniter\Database\BaseBuilder->get()
 3 SYSTEMPATH/CodeIgniter.php(951): App\Controllers\Auth->index()
 4 SYSTEMPATH/CodeIgniter.php(497): CodeIgniter\CodeIgniter->runController()
 5 SYSTEMPATH/CodeIgniter.php(340): CodeIgniter\CodeIgniter->handleRequest()
 6 SYSTEMPATH/Boot.php(417): CodeIgniter\CodeIgniter->run()
 7 SYSTEMPATH/Boot.php(68): CodeIgniter\Boot::runCodeIgniter()
 8 FCPATH/index.php(59): CodeIgniter\Boot::bootWeb()
 9 SYSTEMPATH/rewrite.php(44): require_once('/home/harena/Documents/ITU/S4/Système d’information/RHInterne/public/index.php')
CRITICAL - 2026-05-20 05:40:42 --> [Caused by] CodeIgniter\Database\Exceptions\DatabaseException: Unable to prepare statement: no such table: employes
in SYSTEMPATH/Database/SQLite3/Connection.php on line 174.
 1 SYSTEMPATH/Database/BaseConnection.php(910): CodeIgniter\Database\SQLite3\Connection->execute()
 2 SYSTEMPATH/Database/BaseConnection.php(827): CodeIgniter\Database\BaseConnection->simpleQuery()
 3 SYSTEMPATH/Database/BaseBuilder.php(1649): CodeIgniter\Database\BaseConnection->query()
 4 APPPATH/Controllers/Auth.php(17): CodeIgniter\Database\BaseBuilder->get()
 5 SYSTEMPATH/CodeIgniter.php(951): App\Controllers\Auth->index()
 6 SYSTEMPATH/CodeIgniter.php(497): CodeIgniter\CodeIgniter->runController()
 7 SYSTEMPATH/CodeIgniter.php(340): CodeIgniter\CodeIgniter->handleRequest()
 8 SYSTEMPATH/Boot.php(417): CodeIgniter\CodeIgniter->run()
 9 SYSTEMPATH/Boot.php(68): CodeIgniter\Boot::runCodeIgniter()
10 FCPATH/index.php(59): CodeIgniter\Boot::bootWeb()
11 SYSTEMPATH/rewrite.php(44): require_once('/home/harena/Documents/ITU/S4/Système d’information/RHInterne/public/index.php')
CRITICAL - 2026-05-20 05:40:42 --> [Caused by] SQLite3Exception: Unable to prepare statement: no such table: employes
in SYSTEMPATH/Database/SQLite3/Connection.php on line 164.
 1 SYSTEMPATH/Database/SQLite3/Connection.php(164): SQLite3->query()
 2 SYSTEMPATH/Database/BaseConnection.php(910): CodeIgniter\Database\SQLite3\Connection->execute()
 3 SYSTEMPATH/Database/BaseConnection.php(827): CodeIgniter\Database\BaseConnection->simpleQuery()
 4 SYSTEMPATH/Database/BaseBuilder.php(1649): CodeIgniter\Database\BaseConnection->query()
 5 APPPATH/Controllers/Auth.php(17): CodeIgniter\Database\BaseBuilder->get()
 6 SYSTEMPATH/CodeIgniter.php(951): App\Controllers\Auth->index()
 7 SYSTEMPATH/CodeIgniter.php(497): CodeIgniter\CodeIgniter->runController()
 8 SYSTEMPATH/CodeIgniter.php(340): CodeIgniter\CodeIgniter->handleRequest()
 9 SYSTEMPATH/Boot.php(417): CodeIgniter\CodeIgniter->run()
10 SYSTEMPATH/Boot.php(68): CodeIgniter\Boot::runCodeIgniter()
11 FCPATH/index.php(59): CodeIgniter\Boot::bootWeb()
12 SYSTEMPATH/rewrite.php(44): require_once('/home/harena/Documents/ITU/S4/Système d’information/RHInterne/public/index.php')
ERROR - 2026-05-20 05:40:42 --> Unable to prepare statement: no such table: employes
in SYSTEMPATH/Database/SQLite3/Connection.php on line 164.
 1 SYSTEMPATH/Database/SQLite3/Connection.php(164): SQLite3->query()
 2 SYSTEMPATH/Database/BaseConnection.php(910): CodeIgniter\Database\SQLite3\Connection->execute()
 3 SYSTEMPATH/Database/BaseConnection.php(827): CodeIgniter\Database\BaseConnection->simpleQuery()
 4 SYSTEMPATH/Database/BaseBuilder.php(1649): CodeIgniter\Database\BaseConnection->query()
 5 APPPATH/Controllers/Auth.php(17): CodeIgniter\Database\BaseBuilder->get()
 6 SYSTEMPATH/CodeIgniter.php(951): App\Controllers\Auth->index()
 7 SYSTEMPATH/CodeIgniter.php(497): CodeIgniter\CodeIgniter->runController()
 8 SYSTEMPATH/CodeIgniter.php(340): CodeIgniter\CodeIgniter->handleRequest()
 9 SYSTEMPATH/Boot.php(417): CodeIgniter\CodeIgniter->run()
10 SYSTEMPATH/Boot.php(68): CodeIgniter\Boot::runCodeIgniter()
11 FCPATH/index.php(59): CodeIgniter\Boot::bootWeb()
12 SYSTEMPATH/rewrite.php(44): require_once('/home/harena/Documents/ITU/S4/Système d’information/RHInterne/public/index.php')
CRITICAL - 2026-05-20 05:40:42 --> CodeIgniter\Database\Exceptions\DatabaseException: Unable to prepare statement: no such table: employes
[Method: GET, Route: /]
in SYSTEMPATH/Database/BaseConnection.php on line 865.
 1 SYSTEMPATH/Database/BaseBuilder.php(1649): CodeIgniter\Database\BaseConnection->query()
 2 APPPATH/Controllers/Auth.php(17): CodeIgniter\Database\BaseBuilder->get()
 3 SYSTEMPATH/CodeIgniter.php(951): App\Controllers\Auth->index()
 4 SYSTEMPATH/CodeIgniter.php(497): CodeIgniter\CodeIgniter->runController()
 5 SYSTEMPATH/CodeIgniter.php(340): CodeIgniter\CodeIgniter->handleRequest()
 6 SYSTEMPATH/Boot.php(417): CodeIgniter\CodeIgniter->run()
 7 SYSTEMPATH/Boot.php(68): CodeIgniter\Boot::runCodeIgniter()
 8 FCPATH/index.php(59): CodeIgniter\Boot::bootWeb()
 9 SYSTEMPATH/rewrite.php(44): require_once('/home/harena/Documents/ITU/S4/Système d’information/RHInterne/public/index.php')
CRITICAL - 2026-05-20 05:40:42 --> [Caused by] CodeIgniter\Database\Exceptions\DatabaseException: Unable to prepare statement: no such table: employes
in SYSTEMPATH/Database/SQLite3/Connection.php on line 174.
 1 SYSTEMPATH/Database/BaseConnection.php(910): CodeIgniter\Database\SQLite3\Connection->execute()
 2 SYSTEMPATH/Database/BaseConnection.php(827): CodeIgniter\Database\BaseConnection->simpleQuery()
 3 SYSTEMPATH/Database/BaseBuilder.php(1649): CodeIgniter\Database\BaseConnection->query()
 4 APPPATH/Controllers/Auth.php(17): CodeIgniter\Database\BaseBuilder->get()
 5 SYSTEMPATH/CodeIgniter.php(951): App\Controllers\Auth->index()
 6 SYSTEMPATH/CodeIgniter.php(497): CodeIgniter\CodeIgniter->runController()
 7 SYSTEMPATH/CodeIgniter.php(340): CodeIgniter\CodeIgniter->handleRequest()
 8 SYSTEMPATH/Boot.php(417): CodeIgniter\CodeIgniter->run()
 9 SYSTEMPATH/Boot.php(68): CodeIgniter\Boot::runCodeIgniter()
10 FCPATH/index.php(59): CodeIgniter\Boot::bootWeb()
11 SYSTEMPATH/rewrite.php(44): require_once('/home/harena/Documents/ITU/S4/Système d’information/RHInterne/public/index.php')
CRITICAL - 2026-05-20 05:40:42 --> [Caused by] SQLite3Exception: Unable to prepare statement: no such table: employes
in SYSTEMPATH/Database/SQLite3/Connection.php on line 164.
 1 SYSTEMPATH/Database/SQLite3/Connection.php(164): SQLite3->query()
 2 SYSTEMPATH/Database/BaseConnection.php(910): CodeIgniter\Database\SQLite3\Connection->execute()
 3 SYSTEMPATH/Database/BaseConnection.php(827): CodeIgniter\Database\BaseConnection->simpleQuery()
 4 SYSTEMPATH/Database/BaseBuilder.php(1649): CodeIgniter\Database\BaseConnection->query()
 5 APPPATH/Controllers/Auth.php(17): CodeIgniter\Database\BaseBuilder->get()
 6 SYSTEMPATH/CodeIgniter.php(951): App\Controllers\Auth->index()
 7 SYSTEMPATH/CodeIgniter.php(497): CodeIgniter\CodeIgniter->runController()
 8 SYSTEMPATH/CodeIgniter.php(340): CodeIgniter\CodeIgniter->handleRequest()
 9 SYSTEMPATH/Boot.php(417): CodeIgniter\CodeIgniter->run()
10 SYSTEMPATH/Boot.php(68): CodeIgniter\Boot::runCodeIgniter()
11 FCPATH/index.php(59): CodeIgniter\Boot::bootWeb()
12 SYSTEMPATH/rewrite.php(44): require_once('/home/harena/Documents/ITU/S4/Système d’information/RHInterne/public/index.php')
ERROR - 2026-05-20 05:40:42 --> Unable to prepare statement: no such table: employes
in SYSTEMPATH/Database/SQLite3/Connection.php on line 164.
 1 SYSTEMPATH/Database/SQLite3/Connection.php(164): SQLite3->query()
 2 SYSTEMPATH/Database/BaseConnection.php(910): CodeIgniter\Database\SQLite3\Connection->execute()
 3 SYSTEMPATH/Database/BaseConnection.php(827): CodeIgniter\Database\BaseConnection->simpleQuery()
 4 SYSTEMPATH/Database/BaseBuilder.php(1649): CodeIgniter\Database\BaseConnection->query()
 5 APPPATH/Controllers/Auth.php(17): CodeIgniter\Database\BaseBuilder->get()
 6 SYSTEMPATH/CodeIgniter.php(951): App\Controllers\Auth->index()
 7 SYSTEMPATH/CodeIgniter.php(497): CodeIgniter\CodeIgniter->runController()
 8 SYSTEMPATH/CodeIgniter.php(340): CodeIgniter\CodeIgniter->handleRequest()
 9 SYSTEMPATH/Boot.php(417): CodeIgniter\CodeIgniter->run()
10 SYSTEMPATH/Boot.php(68): CodeIgniter\Boot::runCodeIgniter()
11 FCPATH/index.php(59): CodeIgniter\Boot::bootWeb()
12 SYSTEMPATH/rewrite.php(44): require_once('/home/harena/Documents/ITU/S4/Système d’information/RHInterne/public/index.php')
CRITICAL - 2026-05-20 05:40:42 --> CodeIgniter\Database\Exceptions\DatabaseException: Unable to prepare statement: no such table: employes
[Method: GET, Route: /]
in SYSTEMPATH/Database/BaseConnection.php on line 865.
 1 SYSTEMPATH/Database/BaseBuilder.php(1649): CodeIgniter\Database\BaseConnection->query()
 2 APPPATH/Controllers/Auth.php(17): CodeIgniter\Database\BaseBuilder->get()
 3 SYSTEMPATH/CodeIgniter.php(951): App\Controllers\Auth->index()
 4 SYSTEMPATH/CodeIgniter.php(497): CodeIgniter\CodeIgniter->runController()
 5 SYSTEMPATH/CodeIgniter.php(340): CodeIgniter\CodeIgniter->handleRequest()
 6 SYSTEMPATH/Boot.php(417): CodeIgniter\CodeIgniter->run()
 7 SYSTEMPATH/Boot.php(68): CodeIgniter\Boot::runCodeIgniter()
 8 FCPATH/index.php(59): CodeIgniter\Boot::bootWeb()
 9 SYSTEMPATH/rewrite.php(44): require_once('/home/harena/Documents/ITU/S4/Système d’information/RHInterne/public/index.php')
CRITICAL - 2026-05-20 05:40:42 --> [Caused by] CodeIgniter\Database\Exceptions\DatabaseException: Unable to prepare statement: no such table: employes
in SYSTEMPATH/Database/SQLite3/Connection.php on line 174.
 1 SYSTEMPATH/Database/BaseConnection.php(910): CodeIgniter\Database\SQLite3\Connection->execute()
 2 SYSTEMPATH/Database/BaseConnection.php(827): CodeIgniter\Database\BaseConnection->simpleQuery()
 3 SYSTEMPATH/Database/BaseBuilder.php(1649): CodeIgniter\Database\BaseConnection->query()
 4 APPPATH/Controllers/Auth.php(17): CodeIgniter\Database\BaseBuilder->get()
 5 SYSTEMPATH/CodeIgniter.php(951): App\Controllers\Auth->index()
 6 SYSTEMPATH/CodeIgniter.php(497): CodeIgniter\CodeIgniter->runController()
 7 SYSTEMPATH/CodeIgniter.php(340): CodeIgniter\CodeIgniter->handleRequest()
 8 SYSTEMPATH/Boot.php(417): CodeIgniter\CodeIgniter->run()
 9 SYSTEMPATH/Boot.php(68): CodeIgniter\Boot::runCodeIgniter()
10 FCPATH/index.php(59): CodeIgniter\Boot::bootWeb()
11 SYSTEMPATH/rewrite.php(44): require_once('/home/harena/Documents/ITU/S4/Système d’information/RHInterne/public/index.php')
CRITICAL - 2026-05-20 05:40:42 --> [Caused by] SQLite3Exception: Unable to prepare statement: no such table: employes
in SYSTEMPATH/Database/SQLite3/Connection.php on line 164.
 1 SYSTEMPATH/Database/SQLite3/Connection.php(164): SQLite3->query()
 2 SYSTEMPATH/Database/BaseConnection.php(910): CodeIgniter\Database\SQLite3\Connection->execute()
 3 SYSTEMPATH/Database/BaseConnection.php(827): CodeIgniter\Database\BaseConnection->simpleQuery()
 4 SYSTEMPATH/Database/BaseBuilder.php(1649): CodeIgniter\Database\BaseConnection->query()
 5 APPPATH/Controllers/Auth.php(17): CodeIgniter\Database\BaseBuilder->get()
 6 SYSTEMPATH/CodeIgniter.php(951): App\Controllers\Auth->index()
 7 SYSTEMPATH/CodeIgniter.php(497): CodeIgniter\CodeIgniter->runController()
 8 SYSTEMPATH/CodeIgniter.php(340): CodeIgniter\CodeIgniter->handleRequest()
 9 SYSTEMPATH/Boot.php(417): CodeIgniter\CodeIgniter->run()
10 SYSTEMPATH/Boot.php(68): CodeIgniter\Boot::runCodeIgniter()
11 FCPATH/index.php(59): CodeIgniter\Boot::bootWeb()
12 SYSTEMPATH/rewrite.php(44): require_once('/home/harena/Documents/ITU/S4/Système d’information/RHInterne/public/index.php')
ERROR - 2026-05-20 05:40:42 --> Unable to prepare statement: no such table: employes
in SYSTEMPATH/Database/SQLite3/Connection.php on line 164.
 1 SYSTEMPATH/Database/SQLite3/Connection.php(164): SQLite3->query()
 2 SYSTEMPATH/Database/BaseConnection.php(910): CodeIgniter\Database\SQLite3\Connection->execute()
 3 SYSTEMPATH/Database/BaseConnection.php(827): CodeIgniter\Database\BaseConnection->simpleQuery()
 4 SYSTEMPATH/Database/BaseBuilder.php(1649): CodeIgniter\Database\BaseConnection->query()
 5 APPPATH/Controllers/Auth.php(17): CodeIgniter\Database\BaseBuilder->get()
 6 SYSTEMPATH/CodeIgniter.php(951): App\Controllers\Auth->index()
 7 SYSTEMPATH/CodeIgniter.php(497): CodeIgniter\CodeIgniter->runController()
 8 SYSTEMPATH/CodeIgniter.php(340): CodeIgniter\CodeIgniter->handleRequest()
 9 SYSTEMPATH/Boot.php(417): CodeIgniter\CodeIgniter->run()
10 SYSTEMPATH/Boot.php(68): CodeIgniter\Boot::runCodeIgniter()
11 FCPATH/index.php(59): CodeIgniter\Boot::bootWeb()
12 SYSTEMPATH/rewrite.php(44): require_once('/home/harena/Documents/ITU/S4/Système d’information/RHInterne/public/index.php')
CRITICAL - 2026-05-20 05:40:42 --> CodeIgniter\Database\Exceptions\DatabaseException: Unable to prepare statement: no such table: employes
[Method: GET, Route: /]
in SYSTEMPATH/Database/BaseConnection.php on line 865.
 1 SYSTEMPATH/Database/BaseBuilder.php(1649): CodeIgniter\Database\BaseConnection->query()
 2 APPPATH/Controllers/Auth.php(17): CodeIgniter\Database\BaseBuilder->get()
 3 SYSTEMPATH/CodeIgniter.php(951): App\Controllers\Auth->index()
 4 SYSTEMPATH/CodeIgniter.php(497): CodeIgniter\CodeIgniter->runController()
 5 SYSTEMPATH/CodeIgniter.php(340): CodeIgniter\CodeIgniter->handleRequest()
 6 SYSTEMPATH/Boot.php(417): CodeIgniter\CodeIgniter->run()
 7 SYSTEMPATH/Boot.php(68): CodeIgniter\Boot::runCodeIgniter()
 8 FCPATH/index.php(59): CodeIgniter\Boot::bootWeb()
 9 SYSTEMPATH/rewrite.php(44): require_once('/home/harena/Documents/ITU/S4/Système d’information/RHInterne/public/index.php')
CRITICAL - 2026-05-20 05:40:42 --> [Caused by] CodeIgniter\Database\Exceptions\DatabaseException: Unable to prepare statement: no such table: employes
in SYSTEMPATH/Database/SQLite3/Connection.php on line 174.
 1 SYSTEMPATH/Database/BaseConnection.php(910): CodeIgniter\Database\SQLite3\Connection->execute()
 2 SYSTEMPATH/Database/BaseConnection.php(827): CodeIgniter\Database\BaseConnection->simpleQuery()
 3 SYSTEMPATH/Database/BaseBuilder.php(1649): CodeIgniter\Database\BaseConnection->query()
 4 APPPATH/Controllers/Auth.php(17): CodeIgniter\Database\BaseBuilder->get()
 5 SYSTEMPATH/CodeIgniter.php(951): App\Controllers\Auth->index()
 6 SYSTEMPATH/CodeIgniter.php(497): CodeIgniter\CodeIgniter->runController()
 7 SYSTEMPATH/CodeIgniter.php(340): CodeIgniter\CodeIgniter->handleRequest()
 8 SYSTEMPATH/Boot.php(417): CodeIgniter\CodeIgniter->run()
 9 SYSTEMPATH/Boot.php(68): CodeIgniter\Boot::runCodeIgniter()
10 FCPATH/index.php(59): CodeIgniter\Boot::bootWeb()
11 SYSTEMPATH/rewrite.php(44): require_once('/home/harena/Documents/ITU/S4/Système d’information/RHInterne/public/index.php')
CRITICAL - 2026-05-20 05:40:42 --> [Caused by] SQLite3Exception: Unable to prepare statement: no such table: employes
in SYSTEMPATH/Database/SQLite3/Connection.php on line 164.
 1 SYSTEMPATH/Database/SQLite3/Connection.php(164): SQLite3->query()
 2 SYSTEMPATH/Database/BaseConnection.php(910): CodeIgniter\Database\SQLite3\Connection->execute()
 3 SYSTEMPATH/Database/BaseConnection.php(827): CodeIgniter\Database\BaseConnection->simpleQuery()
 4 SYSTEMPATH/Database/BaseBuilder.php(1649): CodeIgniter\Database\BaseConnection->query()
 5 APPPATH/Controllers/Auth.php(17): CodeIgniter\Database\BaseBuilder->get()
 6 SYSTEMPATH/CodeIgniter.php(951): App\Controllers\Auth->index()
 7 SYSTEMPATH/CodeIgniter.php(497): CodeIgniter\CodeIgniter->runController()
 8 SYSTEMPATH/CodeIgniter.php(340): CodeIgniter\CodeIgniter->handleRequest()
 9 SYSTEMPATH/Boot.php(417): CodeIgniter\CodeIgniter->run()
10 SYSTEMPATH/Boot.php(68): CodeIgniter\Boot::runCodeIgniter()
11 FCPATH/index.php(59): CodeIgniter\Boot::bootWeb()
12 SYSTEMPATH/rewrite.php(44): require_once('/home/harena/Documents/ITU/S4/Système d’information/RHInterne/public/index.php')
ERROR - 2026-05-20 05:40:42 --> Unable to prepare statement: no such table: employes
in SYSTEMPATH/Database/SQLite3/Connection.php on line 164.
 1 SYSTEMPATH/Database/SQLite3/Connection.php(164): SQLite3->query()
 2 SYSTEMPATH/Database/BaseConnection.php(910): CodeIgniter\Database\SQLite3\Connection->execute()
 3 SYSTEMPATH/Database/BaseConnection.php(827): CodeIgniter\Database\BaseConnection->simpleQuery()
 4 SYSTEMPATH/Database/BaseBuilder.php(1649): CodeIgniter\Database\BaseConnection->query()
 5 APPPATH/Controllers/Auth.php(17): CodeIgniter\Database\BaseBuilder->get()
 6 SYSTEMPATH/CodeIgniter.php(951): App\Controllers\Auth->index()
 7 SYSTEMPATH/CodeIgniter.php(497): CodeIgniter\CodeIgniter->runController()
 8 SYSTEMPATH/CodeIgniter.php(340): CodeIgniter\CodeIgniter->handleRequest()
 9 SYSTEMPATH/Boot.php(417): CodeIgniter\CodeIgniter->run()
10 SYSTEMPATH/Boot.php(68): CodeIgniter\Boot::runCodeIgniter()
11 FCPATH/index.php(59): CodeIgniter\Boot::bootWeb()
12 SYSTEMPATH/rewrite.php(44): require_once('/home/harena/Documents/ITU/S4/Système d’information/RHInterne/public/index.php')
CRITICAL - 2026-05-20 05:40:42 --> CodeIgniter\Database\Exceptions\DatabaseException: Unable to prepare statement: no such table: employes
[Method: GET, Route: /]
in SYSTEMPATH/Database/BaseConnection.php on line 865.
 1 SYSTEMPATH/Database/BaseBuilder.php(1649): CodeIgniter\Database\BaseConnection->query()
 2 APPPATH/Controllers/Auth.php(17): CodeIgniter\Database\BaseBuilder->get()
 3 SYSTEMPATH/CodeIgniter.php(951): App\Controllers\Auth->index()
 4 SYSTEMPATH/CodeIgniter.php(497): CodeIgniter\CodeIgniter->runController()
 5 SYSTEMPATH/CodeIgniter.php(340): CodeIgniter\CodeIgniter->handleRequest()
 6 SYSTEMPATH/Boot.php(417): CodeIgniter\CodeIgniter->run()
 7 SYSTEMPATH/Boot.php(68): CodeIgniter\Boot::runCodeIgniter()
 8 FCPATH/index.php(59): CodeIgniter\Boot::bootWeb()
 9 SYSTEMPATH/rewrite.php(44): require_once('/home/harena/Documents/ITU/S4/Système d’information/RHInterne/public/index.php')
CRITICAL - 2026-05-20 05:40:42 --> [Caused by] CodeIgniter\Database\Exceptions\DatabaseException: Unable to prepare statement: no such table: employes
in SYSTEMPATH/Database/SQLite3/Connection.php on line 174.
 1 SYSTEMPATH/Database/BaseConnection.php(910): CodeIgniter\Database\SQLite3\Connection->execute()
 2 SYSTEMPATH/Database/BaseConnection.php(827): CodeIgniter\Database\BaseConnection->simpleQuery()
 3 SYSTEMPATH/Database/BaseBuilder.php(1649): CodeIgniter\Database\BaseConnection->query()
 4 APPPATH/Controllers/Auth.php(17): CodeIgniter\Database\BaseBuilder->get()
 5 SYSTEMPATH/CodeIgniter.php(951): App\Controllers\Auth->index()
 6 SYSTEMPATH/CodeIgniter.php(497): CodeIgniter\CodeIgniter->runController()
 7 SYSTEMPATH/CodeIgniter.php(340): CodeIgniter\CodeIgniter->handleRequest()
 8 SYSTEMPATH/Boot.php(417): CodeIgniter\CodeIgniter->run()
 9 SYSTEMPATH/Boot.php(68): CodeIgniter\Boot::runCodeIgniter()
10 FCPATH/index.php(59): CodeIgniter\Boot::bootWeb()
11 SYSTEMPATH/rewrite.php(44): require_once('/home/harena/Documents/ITU/S4/Système d’information/RHInterne/public/index.php')
CRITICAL - 2026-05-20 05:40:42 --> [Caused by] SQLite3Exception: Unable to prepare statement: no such table: employes
in SYSTEMPATH/Database/SQLite3/Connection.php on line 164.
 1 SYSTEMPATH/Database/SQLite3/Connection.php(164): SQLite3->query()
 2 SYSTEMPATH/Database/BaseConnection.php(910): CodeIgniter\Database\SQLite3\Connection->execute()
 3 SYSTEMPATH/Database/BaseConnection.php(827): CodeIgniter\Database\BaseConnection->simpleQuery()
 4 SYSTEMPATH/Database/BaseBuilder.php(1649): CodeIgniter\Database\BaseConnection->query()
 5 APPPATH/Controllers/Auth.php(17): CodeIgniter\Database\BaseBuilder->get()
 6 SYSTEMPATH/CodeIgniter.php(951): App\Controllers\Auth->index()
 7 SYSTEMPATH/CodeIgniter.php(497): CodeIgniter\CodeIgniter->runController()
 8 SYSTEMPATH/CodeIgniter.php(340): CodeIgniter\CodeIgniter->handleRequest()
 9 SYSTEMPATH/Boot.php(417): CodeIgniter\CodeIgniter->run()
10 SYSTEMPATH/Boot.php(68): CodeIgniter\Boot::runCodeIgniter()
11 FCPATH/index.php(59): CodeIgniter\Boot::bootWeb()
12 SYSTEMPATH/rewrite.php(44): require_once('/home/harena/Documents/ITU/S4/Système d’information/RHInterne/public/index.php')
ERROR - 2026-05-20 05:40:42 --> Unable to prepare statement: no such table: employes
in SYSTEMPATH/Database/SQLite3/Connection.php on line 164.
 1 SYSTEMPATH/Database/SQLite3/Connection.php(164): SQLite3->query()
 2 SYSTEMPATH/Database/BaseConnection.php(910): CodeIgniter\Database\SQLite3\Connection->execute()
 3 SYSTEMPATH/Database/BaseConnection.php(827): CodeIgniter\Database\BaseConnection->simpleQuery()
 4 SYSTEMPATH/Database/BaseBuilder.php(1649): CodeIgniter\Database\BaseConnection->query()
 5 APPPATH/Controllers/Auth.php(17): CodeIgniter\Database\BaseBuilder->get()
 6 SYSTEMPATH/CodeIgniter.php(951): App\Controllers\Auth->index()
 7 SYSTEMPATH/CodeIgniter.php(497): CodeIgniter\CodeIgniter->runController()
 8 SYSTEMPATH/CodeIgniter.php(340): CodeIgniter\CodeIgniter->handleRequest()
 9 SYSTEMPATH/Boot.php(417): CodeIgniter\CodeIgniter->run()
10 SYSTEMPATH/Boot.php(68): CodeIgniter\Boot::runCodeIgniter()
11 FCPATH/index.php(59): CodeIgniter\Boot::bootWeb()
12 SYSTEMPATH/rewrite.php(44): require_once('/home/harena/Documents/ITU/S4/Système d’information/RHInterne/public/index.php')
CRITICAL - 2026-05-20 05:40:42 --> CodeIgniter\Database\Exceptions\DatabaseException: Unable to prepare statement: no such table: employes
[Method: GET, Route: /]
in SYSTEMPATH/Database/BaseConnection.php on line 865.
 1 SYSTEMPATH/Database/BaseBuilder.php(1649): CodeIgniter\Database\BaseConnection->query()
 2 APPPATH/Controllers/Auth.php(17): CodeIgniter\Database\BaseBuilder->get()
 3 SYSTEMPATH/CodeIgniter.php(951): App\Controllers\Auth->index()
 4 SYSTEMPATH/CodeIgniter.php(497): CodeIgniter\CodeIgniter->runController()
 5 SYSTEMPATH/CodeIgniter.php(340): CodeIgniter\CodeIgniter->handleRequest()
 6 SYSTEMPATH/Boot.php(417): CodeIgniter\CodeIgniter->run()
 7 SYSTEMPATH/Boot.php(68): CodeIgniter\Boot::runCodeIgniter()
 8 FCPATH/index.php(59): CodeIgniter\Boot::bootWeb()
 9 SYSTEMPATH/rewrite.php(44): require_once('/home/harena/Documents/ITU/S4/Système d’information/RHInterne/public/index.php')
CRITICAL - 2026-05-20 05:40:42 --> [Caused by] CodeIgniter\Database\Exceptions\DatabaseException: Unable to prepare statement: no such table: employes
in SYSTEMPATH/Database/SQLite3/Connection.php on line 174.
 1 SYSTEMPATH/Database/BaseConnection.php(910): CodeIgniter\Database\SQLite3\Connection->execute()
 2 SYSTEMPATH/Database/BaseConnection.php(827): CodeIgniter\Database\BaseConnection->simpleQuery()
 3 SYSTEMPATH/Database/BaseBuilder.php(1649): CodeIgniter\Database\BaseConnection->query()
 4 APPPATH/Controllers/Auth.php(17): CodeIgniter\Database\BaseBuilder->get()
 5 SYSTEMPATH/CodeIgniter.php(951): App\Controllers\Auth->index()
 6 SYSTEMPATH/CodeIgniter.php(497): CodeIgniter\CodeIgniter->runController()
 7 SYSTEMPATH/CodeIgniter.php(340): CodeIgniter\CodeIgniter->handleRequest()
 8 SYSTEMPATH/Boot.php(417): CodeIgniter\CodeIgniter->run()
 9 SYSTEMPATH/Boot.php(68): CodeIgniter\Boot::runCodeIgniter()
10 FCPATH/index.php(59): CodeIgniter\Boot::bootWeb()
11 SYSTEMPATH/rewrite.php(44): require_once('/home/harena/Documents/ITU/S4/Système d’information/RHInterne/public/index.php')
CRITICAL - 2026-05-20 05:40:42 --> [Caused by] SQLite3Exception: Unable to prepare statement: no such table: employes
in SYSTEMPATH/Database/SQLite3/Connection.php on line 164.
 1 SYSTEMPATH/Database/SQLite3/Connection.php(164): SQLite3->query()
 2 SYSTEMPATH/Database/BaseConnection.php(910): CodeIgniter\Database\SQLite3\Connection->execute()
 3 SYSTEMPATH/Database/BaseConnection.php(827): CodeIgniter\Database\BaseConnection->simpleQuery()
 4 SYSTEMPATH/Database/BaseBuilder.php(1649): CodeIgniter\Database\BaseConnection->query()
 5 APPPATH/Controllers/Auth.php(17): CodeIgniter\Database\BaseBuilder->get()
 6 SYSTEMPATH/CodeIgniter.php(951): App\Controllers\Auth->index()
 7 SYSTEMPATH/CodeIgniter.php(497): CodeIgniter\CodeIgniter->runController()
 8 SYSTEMPATH/CodeIgniter.php(340): CodeIgniter\CodeIgniter->handleRequest()
 9 SYSTEMPATH/Boot.php(417): CodeIgniter\CodeIgniter->run()
10 SYSTEMPATH/Boot.php(68): CodeIgniter\Boot::runCodeIgniter()
11 FCPATH/index.php(59): CodeIgniter\Boot::bootWeb()
12 SYSTEMPATH/rewrite.php(44): require_once('/home/harena/Documents/ITU/S4/Système d’information/RHInterne/public/index.php')
ERROR - 2026-05-20 05:40:42 --> Unable to prepare statement: no such table: employes
in SYSTEMPATH/Database/SQLite3/Connection.php on line 164.
 1 SYSTEMPATH/Database/SQLite3/Connection.php(164): SQLite3->query()
 2 SYSTEMPATH/Database/BaseConnection.php(910): CodeIgniter\Database\SQLite3\Connection->execute()
 3 SYSTEMPATH/Database/BaseConnection.php(827): CodeIgniter\Database\BaseConnection->simpleQuery()
 4 SYSTEMPATH/Database/BaseBuilder.php(1649): CodeIgniter\Database\BaseConnection->query()
 5 APPPATH/Controllers/Auth.php(17): CodeIgniter\Database\BaseBuilder->get()
 6 SYSTEMPATH/CodeIgniter.php(951): App\Controllers\Auth->index()
 7 SYSTEMPATH/CodeIgniter.php(497): CodeIgniter\CodeIgniter->runController()
 8 SYSTEMPATH/CodeIgniter.php(340): CodeIgniter\CodeIgniter->handleRequest()
 9 SYSTEMPATH/Boot.php(417): CodeIgniter\CodeIgniter->run()
10 SYSTEMPATH/Boot.php(68): CodeIgniter\Boot::runCodeIgniter()
11 FCPATH/index.php(59): CodeIgniter\Boot::bootWeb()
12 SYSTEMPATH/rewrite.php(44): require_once('/home/harena/Documents/ITU/S4/Système d’information/RHInterne/public/index.php')
CRITICAL - 2026-05-20 05:40:42 --> CodeIgniter\Database\Exceptions\DatabaseException: Unable to prepare statement: no such table: employes
[Method: GET, Route: /]
in SYSTEMPATH/Database/BaseConnection.php on line 865.
 1 SYSTEMPATH/Database/BaseBuilder.php(1649): CodeIgniter\Database\BaseConnection->query()
 2 APPPATH/Controllers/Auth.php(17): CodeIgniter\Database\BaseBuilder->get()
 3 SYSTEMPATH/CodeIgniter.php(951): App\Controllers\Auth->index()
 4 SYSTEMPATH/CodeIgniter.php(497): CodeIgniter\CodeIgniter->runController()
 5 SYSTEMPATH/CodeIgniter.php(340): CodeIgniter\CodeIgniter->handleRequest()
 6 SYSTEMPATH/Boot.php(417): CodeIgniter\CodeIgniter->run()
 7 SYSTEMPATH/Boot.php(68): CodeIgniter\Boot::runCodeIgniter()
 8 FCPATH/index.php(59): CodeIgniter\Boot::bootWeb()
 9 SYSTEMPATH/rewrite.php(44): require_once('/home/harena/Documents/ITU/S4/Système d’information/RHInterne/public/index.php')
CRITICAL - 2026-05-20 05:40:42 --> [Caused by] CodeIgniter\Database\Exceptions\DatabaseException: Unable to prepare statement: no such table: employes
in SYSTEMPATH/Database/SQLite3/Connection.php on line 174.
 1 SYSTEMPATH/Database/BaseConnection.php(910): CodeIgniter\Database\SQLite3\Connection->execute()
 2 SYSTEMPATH/Database/BaseConnection.php(827): CodeIgniter\Database\BaseConnection->simpleQuery()
 3 SYSTEMPATH/Database/BaseBuilder.php(1649): CodeIgniter\Database\BaseConnection->query()
 4 APPPATH/Controllers/Auth.php(17): CodeIgniter\Database\BaseBuilder->get()
 5 SYSTEMPATH/CodeIgniter.php(951): App\Controllers\Auth->index()
 6 SYSTEMPATH/CodeIgniter.php(497): CodeIgniter\CodeIgniter->runController()
 7 SYSTEMPATH/CodeIgniter.php(340): CodeIgniter\CodeIgniter->handleRequest()
 8 SYSTEMPATH/Boot.php(417): CodeIgniter\CodeIgniter->run()
 9 SYSTEMPATH/Boot.php(68): CodeIgniter\Boot::runCodeIgniter()
10 FCPATH/index.php(59): CodeIgniter\Boot::bootWeb()
11 SYSTEMPATH/rewrite.php(44): require_once('/home/harena/Documents/ITU/S4/Système d’information/RHInterne/public/index.php')
CRITICAL - 2026-05-20 05:40:42 --> [Caused by] SQLite3Exception: Unable to prepare statement: no such table: employes
in SYSTEMPATH/Database/SQLite3/Connection.php on line 164.
 1 SYSTEMPATH/Database/SQLite3/Connection.php(164): SQLite3->query()
 2 SYSTEMPATH/Database/BaseConnection.php(910): CodeIgniter\Database\SQLite3\Connection->execute()
 3 SYSTEMPATH/Database/BaseConnection.php(827): CodeIgniter\Database\BaseConnection->simpleQuery()
 4 SYSTEMPATH/Database/BaseBuilder.php(1649): CodeIgniter\Database\BaseConnection->query()
 5 APPPATH/Controllers/Auth.php(17): CodeIgniter\Database\BaseBuilder->get()
 6 SYSTEMPATH/CodeIgniter.php(951): App\Controllers\Auth->index()
 7 SYSTEMPATH/CodeIgniter.php(497): CodeIgniter\CodeIgniter->runController()
 8 SYSTEMPATH/CodeIgniter.php(340): CodeIgniter\CodeIgniter->handleRequest()
 9 SYSTEMPATH/Boot.php(417): CodeIgniter\CodeIgniter->run()
10 SYSTEMPATH/Boot.php(68): CodeIgniter\Boot::runCodeIgniter()
11 FCPATH/index.php(59): CodeIgniter\Boot::bootWeb()
12 SYSTEMPATH/rewrite.php(44): require_once('/home/harena/Documents/ITU/S4/Système d’information/RHInterne/public/index.php')
ERROR - 2026-05-20 05:40:42 --> Unable to prepare statement: no such table: employes
in SYSTEMPATH/Database/SQLite3/Connection.php on line 164.
 1 SYSTEMPATH/Database/SQLite3/Connection.php(164): SQLite3->query()
 2 SYSTEMPATH/Database/BaseConnection.php(910): CodeIgniter\Database\SQLite3\Connection->execute()
 3 SYSTEMPATH/Database/BaseConnection.php(827): CodeIgniter\Database\BaseConnection->simpleQuery()
 4 SYSTEMPATH/Database/BaseBuilder.php(1649): CodeIgniter\Database\BaseConnection->query()
 5 APPPATH/Controllers/Auth.php(17): CodeIgniter\Database\BaseBuilder->get()
 6 SYSTEMPATH/CodeIgniter.php(951): App\Controllers\Auth->index()
 7 SYSTEMPATH/CodeIgniter.php(497): CodeIgniter\CodeIgniter->runController()
 8 SYSTEMPATH/CodeIgniter.php(340): CodeIgniter\CodeIgniter->handleRequest()
 9 SYSTEMPATH/Boot.php(417): CodeIgniter\CodeIgniter->run()
10 SYSTEMPATH/Boot.php(68): CodeIgniter\Boot::runCodeIgniter()
11 FCPATH/index.php(59): CodeIgniter\Boot::bootWeb()
12 SYSTEMPATH/rewrite.php(44): require_once('/home/harena/Documents/ITU/S4/Système d’information/RHInterne/public/index.php')
CRITICAL - 2026-05-20 05:40:42 --> CodeIgniter\Database\Exceptions\DatabaseException: Unable to prepare statement: no such table: employes
[Method: GET, Route: /]
in SYSTEMPATH/Database/BaseConnection.php on line 865.
 1 SYSTEMPATH/Database/BaseBuilder.php(1649): CodeIgniter\Database\BaseConnection->query()
 2 APPPATH/Controllers/Auth.php(17): CodeIgniter\Database\BaseBuilder->get()
 3 SYSTEMPATH/CodeIgniter.php(951): App\Controllers\Auth->index()
 4 SYSTEMPATH/CodeIgniter.php(497): CodeIgniter\CodeIgniter->runController()
 5 SYSTEMPATH/CodeIgniter.php(340): CodeIgniter\CodeIgniter->handleRequest()
 6 SYSTEMPATH/Boot.php(417): CodeIgniter\CodeIgniter->run()
 7 SYSTEMPATH/Boot.php(68): CodeIgniter\Boot::runCodeIgniter()
 8 FCPATH/index.php(59): CodeIgniter\Boot::bootWeb()
 9 SYSTEMPATH/rewrite.php(44): require_once('/home/harena/Documents/ITU/S4/Système d’information/RHInterne/public/index.php')
CRITICAL - 2026-05-20 05:40:42 --> [Caused by] CodeIgniter\Database\Exceptions\DatabaseException: Unable to prepare statement: no such table: employes
in SYSTEMPATH/Database/SQLite3/Connection.php on line 174.
 1 SYSTEMPATH/Database/BaseConnection.php(910): CodeIgniter\Database\SQLite3\Connection->execute()
 2 SYSTEMPATH/Database/BaseConnection.php(827): CodeIgniter\Database\BaseConnection->simpleQuery()
 3 SYSTEMPATH/Database/BaseBuilder.php(1649): CodeIgniter\Database\BaseConnection->query()
 4 APPPATH/Controllers/Auth.php(17): CodeIgniter\Database\BaseBuilder->get()
 5 SYSTEMPATH/CodeIgniter.php(951): App\Controllers\Auth->index()
 6 SYSTEMPATH/CodeIgniter.php(497): CodeIgniter\CodeIgniter->runController()
 7 SYSTEMPATH/CodeIgniter.php(340): CodeIgniter\CodeIgniter->handleRequest()
 8 SYSTEMPATH/Boot.php(417): CodeIgniter\CodeIgniter->run()
 9 SYSTEMPATH/Boot.php(68): CodeIgniter\Boot::runCodeIgniter()
10 FCPATH/index.php(59): CodeIgniter\Boot::bootWeb()
11 SYSTEMPATH/rewrite.php(44): require_once('/home/harena/Documents/ITU/S4/Système d’information/RHInterne/public/index.php')
CRITICAL - 2026-05-20 05:40:42 --> [Caused by] SQLite3Exception: Unable to prepare statement: no such table: employes
in SYSTEMPATH/Database/SQLite3/Connection.php on line 164.
 1 SYSTEMPATH/Database/SQLite3/Connection.php(164): SQLite3->query()
 2 SYSTEMPATH/Database/BaseConnection.php(910): CodeIgniter\Database\SQLite3\Connection->execute()
 3 SYSTEMPATH/Database/BaseConnection.php(827): CodeIgniter\Database\BaseConnection->simpleQuery()
 4 SYSTEMPATH/Database/BaseBuilder.php(1649): CodeIgniter\Database\BaseConnection->query()
 5 APPPATH/Controllers/Auth.php(17): CodeIgniter\Database\BaseBuilder->get()
 6 SYSTEMPATH/CodeIgniter.php(951): App\Controllers\Auth->index()
 7 SYSTEMPATH/CodeIgniter.php(497): CodeIgniter\CodeIgniter->runController()
 8 SYSTEMPATH/CodeIgniter.php(340): CodeIgniter\CodeIgniter->handleRequest()
 9 SYSTEMPATH/Boot.php(417): CodeIgniter\CodeIgniter->run()
10 SYSTEMPATH/Boot.php(68): CodeIgniter\Boot::runCodeIgniter()
11 FCPATH/index.php(59): CodeIgniter\Boot::bootWeb()
12 SYSTEMPATH/rewrite.php(44): require_once('/home/harena/Documents/ITU/S4/Système d’information/RHInterne/public/index.php')
ERROR - 2026-05-20 05:40:42 --> Unable to prepare statement: no such table: employes
in SYSTEMPATH/Database/SQLite3/Connection.php on line 164.
 1 SYSTEMPATH/Database/SQLite3/Connection.php(164): SQLite3->query()
 2 SYSTEMPATH/Database/BaseConnection.php(910): CodeIgniter\Database\SQLite3\Connection->execute()
 3 SYSTEMPATH/Database/BaseConnection.php(827): CodeIgniter\Database\BaseConnection->simpleQuery()
 4 SYSTEMPATH/Database/BaseBuilder.php(1649): CodeIgniter\Database\BaseConnection->query()
 5 APPPATH/Controllers/Auth.php(17): CodeIgniter\Database\BaseBuilder->get()
 6 SYSTEMPATH/CodeIgniter.php(951): App\Controllers\Auth->index()
 7 SYSTEMPATH/CodeIgniter.php(497): CodeIgniter\CodeIgniter->runController()
 8 SYSTEMPATH/CodeIgniter.php(340): CodeIgniter\CodeIgniter->handleRequest()
 9 SYSTEMPATH/Boot.php(417): CodeIgniter\CodeIgniter->run()
10 SYSTEMPATH/Boot.php(68): CodeIgniter\Boot::runCodeIgniter()
11 FCPATH/index.php(59): CodeIgniter\Boot::bootWeb()
12 SYSTEMPATH/rewrite.php(44): require_once('/home/harena/Documents/ITU/S4/Système d’information/RHInterne/public/index.php')
CRITICAL - 2026-05-20 05:40:42 --> CodeIgniter\Database\Exceptions\DatabaseException: Unable to prepare statement: no such table: employes
[Method: GET, Route: /]
in SYSTEMPATH/Database/BaseConnection.php on line 865.
 1 SYSTEMPATH/Database/BaseBuilder.php(1649): CodeIgniter\Database\BaseConnection->query()
 2 APPPATH/Controllers/Auth.php(17): CodeIgniter\Database\BaseBuilder->get()
 3 SYSTEMPATH/CodeIgniter.php(951): App\Controllers\Auth->index()
 4 SYSTEMPATH/CodeIgniter.php(497): CodeIgniter\CodeIgniter->runController()
 5 SYSTEMPATH/CodeIgniter.php(340): CodeIgniter\CodeIgniter->handleRequest()
 6 SYSTEMPATH/Boot.php(417): CodeIgniter\CodeIgniter->run()
 7 SYSTEMPATH/Boot.php(68): CodeIgniter\Boot::runCodeIgniter()
 8 FCPATH/index.php(59): CodeIgniter\Boot::bootWeb()
 9 SYSTEMPATH/rewrite.php(44): require_once('/home/harena/Documents/ITU/S4/Système d’information/RHInterne/public/index.php')
CRITICAL - 2026-05-20 05:40:42 --> [Caused by] CodeIgniter\Database\Exceptions\DatabaseException: Unable to prepare statement: no such table: employes
in SYSTEMPATH/Database/SQLite3/Connection.php on line 174.
 1 SYSTEMPATH/Database/BaseConnection.php(910): CodeIgniter\Database\SQLite3\Connection->execute()
 2 SYSTEMPATH/Database/BaseConnection.php(827): CodeIgniter\Database\BaseConnection->simpleQuery()
 3 SYSTEMPATH/Database/BaseBuilder.php(1649): CodeIgniter\Database\BaseConnection->query()
 4 APPPATH/Controllers/Auth.php(17): CodeIgniter\Database\BaseBuilder->get()
 5 SYSTEMPATH/CodeIgniter.php(951): App\Controllers\Auth->index()
 6 SYSTEMPATH/CodeIgniter.php(497): CodeIgniter\CodeIgniter->runController()
 7 SYSTEMPATH/CodeIgniter.php(340): CodeIgniter\CodeIgniter->handleRequest()
 8 SYSTEMPATH/Boot.php(417): CodeIgniter\CodeIgniter->run()
 9 SYSTEMPATH/Boot.php(68): CodeIgniter\Boot::runCodeIgniter()
10 FCPATH/index.php(59): CodeIgniter\Boot::bootWeb()
11 SYSTEMPATH/rewrite.php(44): require_once('/home/harena/Documents/ITU/S4/Système d’information/RHInterne/public/index.php')
CRITICAL - 2026-05-20 05:40:42 --> [Caused by] SQLite3Exception: Unable to prepare statement: no such table: employes
in SYSTEMPATH/Database/SQLite3/Connection.php on line 164.
 1 SYSTEMPATH/Database/SQLite3/Connection.php(164): SQLite3->query()
 2 SYSTEMPATH/Database/BaseConnection.php(910): CodeIgniter\Database\SQLite3\Connection->execute()
 3 SYSTEMPATH/Database/BaseConnection.php(827): CodeIgniter\Database\BaseConnection->simpleQuery()
 4 SYSTEMPATH/Database/BaseBuilder.php(1649): CodeIgniter\Database\BaseConnection->query()
 5 APPPATH/Controllers/Auth.php(17): CodeIgniter\Database\BaseBuilder->get()
 6 SYSTEMPATH/CodeIgniter.php(951): App\Controllers\Auth->index()
 7 SYSTEMPATH/CodeIgniter.php(497): CodeIgniter\CodeIgniter->runController()
 8 SYSTEMPATH/CodeIgniter.php(340): CodeIgniter\CodeIgniter->handleRequest()
 9 SYSTEMPATH/Boot.php(417): CodeIgniter\CodeIgniter->run()
10 SYSTEMPATH/Boot.php(68): CodeIgniter\Boot::runCodeIgniter()
11 FCPATH/index.php(59): CodeIgniter\Boot::bootWeb()
12 SYSTEMPATH/rewrite.php(44): require_once('/home/harena/Documents/ITU/S4/Système d’information/RHInterne/public/index.php')
ERROR - 2026-05-20 05:40:42 --> Unable to prepare statement: no such table: employes
in SYSTEMPATH/Database/SQLite3/Connection.php on line 164.
 1 SYSTEMPATH/Database/SQLite3/Connection.php(164): SQLite3->query()
 2 SYSTEMPATH/Database/BaseConnection.php(910): CodeIgniter\Database\SQLite3\Connection->execute()
 3 SYSTEMPATH/Database/BaseConnection.php(827): CodeIgniter\Database\BaseConnection->simpleQuery()
 4 SYSTEMPATH/Database/BaseBuilder.php(1649): CodeIgniter\Database\BaseConnection->query()
 5 APPPATH/Controllers/Auth.php(17): CodeIgniter\Database\BaseBuilder->get()
 6 SYSTEMPATH/CodeIgniter.php(951): App\Controllers\Auth->index()
 7 SYSTEMPATH/CodeIgniter.php(497): CodeIgniter\CodeIgniter->runController()
 8 SYSTEMPATH/CodeIgniter.php(340): CodeIgniter\CodeIgniter->handleRequest()
 9 SYSTEMPATH/Boot.php(417): CodeIgniter\CodeIgniter->run()
10 SYSTEMPATH/Boot.php(68): CodeIgniter\Boot::runCodeIgniter()
11 FCPATH/index.php(59): CodeIgniter\Boot::bootWeb()
12 SYSTEMPATH/rewrite.php(44): require_once('/home/harena/Documents/ITU/S4/Système d’information/RHInterne/public/index.php')
CRITICAL - 2026-05-20 05:40:42 --> CodeIgniter\Database\Exceptions\DatabaseException: Unable to prepare statement: no such table: employes
[Method: GET, Route: /]
in SYSTEMPATH/Database/BaseConnection.php on line 865.
 1 SYSTEMPATH/Database/BaseBuilder.php(1649): CodeIgniter\Database\BaseConnection->query()
 2 APPPATH/Controllers/Auth.php(17): CodeIgniter\Database\BaseBuilder->get()
 3 SYSTEMPATH/CodeIgniter.php(951): App\Controllers\Auth->index()
 4 SYSTEMPATH/CodeIgniter.php(497): CodeIgniter\CodeIgniter->runController()
 5 SYSTEMPATH/CodeIgniter.php(340): CodeIgniter\CodeIgniter->handleRequest()
 6 SYSTEMPATH/Boot.php(417): CodeIgniter\CodeIgniter->run()
 7 SYSTEMPATH/Boot.php(68): CodeIgniter\Boot::runCodeIgniter()
 8 FCPATH/index.php(59): CodeIgniter\Boot::bootWeb()
 9 SYSTEMPATH/rewrite.php(44): require_once('/home/harena/Documents/ITU/S4/Système d’information/RHInterne/public/index.php')
CRITICAL - 2026-05-20 05:40:42 --> [Caused by] CodeIgniter\Database\Exceptions\DatabaseException: Unable to prepare statement: no such table: employes
in SYSTEMPATH/Database/SQLite3/Connection.php on line 174.
 1 SYSTEMPATH/Database/BaseConnection.php(910): CodeIgniter\Database\SQLite3\Connection->execute()
 2 SYSTEMPATH/Database/BaseConnection.php(827): CodeIgniter\Database\BaseConnection->simpleQuery()
 3 SYSTEMPATH/Database/BaseBuilder.php(1649): CodeIgniter\Database\BaseConnection->query()
 4 APPPATH/Controllers/Auth.php(17): CodeIgniter\Database\BaseBuilder->get()
 5 SYSTEMPATH/CodeIgniter.php(951): App\Controllers\Auth->index()
 6 SYSTEMPATH/CodeIgniter.php(497): CodeIgniter\CodeIgniter->runController()
 7 SYSTEMPATH/CodeIgniter.php(340): CodeIgniter\CodeIgniter->handleRequest()
 8 SYSTEMPATH/Boot.php(417): CodeIgniter\CodeIgniter->run()
 9 SYSTEMPATH/Boot.php(68): CodeIgniter\Boot::runCodeIgniter()
10 FCPATH/index.php(59): CodeIgniter\Boot::bootWeb()
11 SYSTEMPATH/rewrite.php(44): require_once('/home/harena/Documents/ITU/S4/Système d’information/RHInterne/public/index.php')
CRITICAL - 2026-05-20 05:40:42 --> [Caused by] SQLite3Exception: Unable to prepare statement: no such table: employes
in SYSTEMPATH/Database/SQLite3/Connection.php on line 164.
 1 SYSTEMPATH/Database/SQLite3/Connection.php(164): SQLite3->query()
 2 SYSTEMPATH/Database/BaseConnection.php(910): CodeIgniter\Database\SQLite3\Connection->execute()
 3 SYSTEMPATH/Database/BaseConnection.php(827): CodeIgniter\Database\BaseConnection->simpleQuery()
 4 SYSTEMPATH/Database/BaseBuilder.php(1649): CodeIgniter\Database\BaseConnection->query()
 5 APPPATH/Controllers/Auth.php(17): CodeIgniter\Database\BaseBuilder->get()
 6 SYSTEMPATH/CodeIgniter.php(951): App\Controllers\Auth->index()
 7 SYSTEMPATH/CodeIgniter.php(497): CodeIgniter\CodeIgniter->runController()
 8 SYSTEMPATH/CodeIgniter.php(340): CodeIgniter\CodeIgniter->handleRequest()
 9 SYSTEMPATH/Boot.php(417): CodeIgniter\CodeIgniter->run()
10 SYSTEMPATH/Boot.php(68): CodeIgniter\Boot::runCodeIgniter()
11 FCPATH/index.php(59): CodeIgniter\Boot::bootWeb()
12 SYSTEMPATH/rewrite.php(44): require_once('/home/harena/Documents/ITU/S4/Système d’information/RHInterne/public/index.php')
ERROR - 2026-05-20 05:40:42 --> Unable to prepare statement: no such table: employes
in SYSTEMPATH/Database/SQLite3/Connection.php on line 164.
 1 SYSTEMPATH/Database/SQLite3/Connection.php(164): SQLite3->query()
 2 SYSTEMPATH/Database/BaseConnection.php(910): CodeIgniter\Database\SQLite3\Connection->execute()
 3 SYSTEMPATH/Database/BaseConnection.php(827): CodeIgniter\Database\BaseConnection->simpleQuery()
 4 SYSTEMPATH/Database/BaseBuilder.php(1649): CodeIgniter\Database\BaseConnection->query()
 5 APPPATH/Controllers/Auth.php(17): CodeIgniter\Database\BaseBuilder->get()
 6 SYSTEMPATH/CodeIgniter.php(951): App\Controllers\Auth->index()
 7 SYSTEMPATH/CodeIgniter.php(497): CodeIgniter\CodeIgniter->runController()
 8 SYSTEMPATH/CodeIgniter.php(340): CodeIgniter\CodeIgniter->handleRequest()
 9 SYSTEMPATH/Boot.php(417): CodeIgniter\CodeIgniter->run()
10 SYSTEMPATH/Boot.php(68): CodeIgniter\Boot::runCodeIgniter()
11 FCPATH/index.php(59): CodeIgniter\Boot::bootWeb()
12 SYSTEMPATH/rewrite.php(44): require_once('/home/harena/Documents/ITU/S4/Système d’information/RHInterne/public/index.php')
CRITICAL - 2026-05-20 05:40:42 --> CodeIgniter\Database\Exceptions\DatabaseException: Unable to prepare statement: no such table: employes
[Method: GET, Route: /]
in SYSTEMPATH/Database/BaseConnection.php on line 865.
 1 SYSTEMPATH/Database/BaseBuilder.php(1649): CodeIgniter\Database\BaseConnection->query()
 2 APPPATH/Controllers/Auth.php(17): CodeIgniter\Database\BaseBuilder->get()
 3 SYSTEMPATH/CodeIgniter.php(951): App\Controllers\Auth->index()
 4 SYSTEMPATH/CodeIgniter.php(497): CodeIgniter\CodeIgniter->runController()
 5 SYSTEMPATH/CodeIgniter.php(340): CodeIgniter\CodeIgniter->handleRequest()
 6 SYSTEMPATH/Boot.php(417): CodeIgniter\CodeIgniter->run()
 7 SYSTEMPATH/Boot.php(68): CodeIgniter\Boot::runCodeIgniter()
 8 FCPATH/index.php(59): CodeIgniter\Boot::bootWeb()
 9 SYSTEMPATH/rewrite.php(44): require_once('/home/harena/Documents/ITU/S4/Système d’information/RHInterne/public/index.php')
CRITICAL - 2026-05-20 05:40:42 --> [Caused by] CodeIgniter\Database\Exceptions\DatabaseException: Unable to prepare statement: no such table: employes
in SYSTEMPATH/Database/SQLite3/Connection.php on line 174.
 1 SYSTEMPATH/Database/BaseConnection.php(910): CodeIgniter\Database\SQLite3\Connection->execute()
 2 SYSTEMPATH/Database/BaseConnection.php(827): CodeIgniter\Database\BaseConnection->simpleQuery()
 3 SYSTEMPATH/Database/BaseBuilder.php(1649): CodeIgniter\Database\BaseConnection->query()
 4 APPPATH/Controllers/Auth.php(17): CodeIgniter\Database\BaseBuilder->get()
 5 SYSTEMPATH/CodeIgniter.php(951): App\Controllers\Auth->index()
 6 SYSTEMPATH/CodeIgniter.php(497): CodeIgniter\CodeIgniter->runController()
 7 SYSTEMPATH/CodeIgniter.php(340): CodeIgniter\CodeIgniter->handleRequest()
 8 SYSTEMPATH/Boot.php(417): CodeIgniter\CodeIgniter->run()
 9 SYSTEMPATH/Boot.php(68): CodeIgniter\Boot::runCodeIgniter()
10 FCPATH/index.php(59): CodeIgniter\Boot::bootWeb()
11 SYSTEMPATH/rewrite.php(44): require_once('/home/harena/Documents/ITU/S4/Système d’information/RHInterne/public/index.php')
CRITICAL - 2026-05-20 05:40:42 --> [Caused by] SQLite3Exception: Unable to prepare statement: no such table: employes
in SYSTEMPATH/Database/SQLite3/Connection.php on line 164.
 1 SYSTEMPATH/Database/SQLite3/Connection.php(164): SQLite3->query()
 2 SYSTEMPATH/Database/BaseConnection.php(910): CodeIgniter\Database\SQLite3\Connection->execute()
 3 SYSTEMPATH/Database/BaseConnection.php(827): CodeIgniter\Database\BaseConnection->simpleQuery()
 4 SYSTEMPATH/Database/BaseBuilder.php(1649): CodeIgniter\Database\BaseConnection->query()
 5 APPPATH/Controllers/Auth.php(17): CodeIgniter\Database\BaseBuilder->get()
 6 SYSTEMPATH/CodeIgniter.php(951): App\Controllers\Auth->index()
 7 SYSTEMPATH/CodeIgniter.php(497): CodeIgniter\CodeIgniter->runController()
 8 SYSTEMPATH/CodeIgniter.php(340): CodeIgniter\CodeIgniter->handleRequest()
 9 SYSTEMPATH/Boot.php(417): CodeIgniter\CodeIgniter->run()
10 SYSTEMPATH/Boot.php(68): CodeIgniter\Boot::runCodeIgniter()
11 FCPATH/index.php(59): CodeIgniter\Boot::bootWeb()
12 SYSTEMPATH/rewrite.php(44): require_once('/home/harena/Documents/ITU/S4/Système d’information/RHInterne/public/index.php')
ERROR - 2026-05-20 05:40:42 --> Unable to prepare statement: no such table: employes
in SYSTEMPATH/Database/SQLite3/Connection.php on line 164.
 1 SYSTEMPATH/Database/SQLite3/Connection.php(164): SQLite3->query()
 2 SYSTEMPATH/Database/BaseConnection.php(910): CodeIgniter\Database\SQLite3\Connection->execute()
 3 SYSTEMPATH/Database/BaseConnection.php(827): CodeIgniter\Database\BaseConnection->simpleQuery()
 4 SYSTEMPATH/Database/BaseBuilder.php(1649): CodeIgniter\Database\BaseConnection->query()
 5 APPPATH/Controllers/Auth.php(17): CodeIgniter\Database\BaseBuilder->get()
 6 SYSTEMPATH/CodeIgniter.php(951): App\Controllers\Auth->index()
 7 SYSTEMPATH/CodeIgniter.php(497): CodeIgniter\CodeIgniter->runController()
 8 SYSTEMPATH/CodeIgniter.php(340): CodeIgniter\CodeIgniter->handleRequest()
 9 SYSTEMPATH/Boot.php(417): CodeIgniter\CodeIgniter->run()
10 SYSTEMPATH/Boot.php(68): CodeIgniter\Boot::runCodeIgniter()
11 FCPATH/index.php(59): CodeIgniter\Boot::bootWeb()
12 SYSTEMPATH/rewrite.php(44): require_once('/home/harena/Documents/ITU/S4/Système d’information/RHInterne/public/index.php')
CRITICAL - 2026-05-20 05:40:42 --> CodeIgniter\Database\Exceptions\DatabaseException: Unable to prepare statement: no such table: employes
[Method: GET, Route: /]
in SYSTEMPATH/Database/BaseConnection.php on line 865.
 1 SYSTEMPATH/Database/BaseBuilder.php(1649): CodeIgniter\Database\BaseConnection->query()
 2 APPPATH/Controllers/Auth.php(17): CodeIgniter\Database\BaseBuilder->get()
 3 SYSTEMPATH/CodeIgniter.php(951): App\Controllers\Auth->index()
 4 SYSTEMPATH/CodeIgniter.php(497): CodeIgniter\CodeIgniter->runController()
 5 SYSTEMPATH/CodeIgniter.php(340): CodeIgniter\CodeIgniter->handleRequest()
 6 SYSTEMPATH/Boot.php(417): CodeIgniter\CodeIgniter->run()
 7 SYSTEMPATH/Boot.php(68): CodeIgniter\Boot::runCodeIgniter()
 8 FCPATH/index.php(59): CodeIgniter\Boot::bootWeb()
 9 SYSTEMPATH/rewrite.php(44): require_once('/home/harena/Documents/ITU/S4/Système d’information/RHInterne/public/index.php')
CRITICAL - 2026-05-20 05:40:42 --> [Caused by] CodeIgniter\Database\Exceptions\DatabaseException: Unable to prepare statement: no such table: employes
in SYSTEMPATH/Database/SQLite3/Connection.php on line 174.
 1 SYSTEMPATH/Database/BaseConnection.php(910): CodeIgniter\Database\SQLite3\Connection->execute()
 2 SYSTEMPATH/Database/BaseConnection.php(827): CodeIgniter\Database\BaseConnection->simpleQuery()
 3 SYSTEMPATH/Database/BaseBuilder.php(1649): CodeIgniter\Database\BaseConnection->query()
 4 APPPATH/Controllers/Auth.php(17): CodeIgniter\Database\BaseBuilder->get()
 5 SYSTEMPATH/CodeIgniter.php(951): App\Controllers\Auth->index()
 6 SYSTEMPATH/CodeIgniter.php(497): CodeIgniter\CodeIgniter->runController()
 7 SYSTEMPATH/CodeIgniter.php(340): CodeIgniter\CodeIgniter->handleRequest()
 8 SYSTEMPATH/Boot.php(417): CodeIgniter\CodeIgniter->run()
 9 SYSTEMPATH/Boot.php(68): CodeIgniter\Boot::runCodeIgniter()
10 FCPATH/index.php(59): CodeIgniter\Boot::bootWeb()
11 SYSTEMPATH/rewrite.php(44): require_once('/home/harena/Documents/ITU/S4/Système d’information/RHInterne/public/index.php')
CRITICAL - 2026-05-20 05:40:42 --> [Caused by] SQLite3Exception: Unable to prepare statement: no such table: employes
in SYSTEMPATH/Database/SQLite3/Connection.php on line 164.
 1 SYSTEMPATH/Database/SQLite3/Connection.php(164): SQLite3->query()
 2 SYSTEMPATH/Database/BaseConnection.php(910): CodeIgniter\Database\SQLite3\Connection->execute()
 3 SYSTEMPATH/Database/BaseConnection.php(827): CodeIgniter\Database\BaseConnection->simpleQuery()
 4 SYSTEMPATH/Database/BaseBuilder.php(1649): CodeIgniter\Database\BaseConnection->query()
 5 APPPATH/Controllers/Auth.php(17): CodeIgniter\Database\BaseBuilder->get()
 6 SYSTEMPATH/CodeIgniter.php(951): App\Controllers\Auth->index()
 7 SYSTEMPATH/CodeIgniter.php(497): CodeIgniter\CodeIgniter->runController()
 8 SYSTEMPATH/CodeIgniter.php(340): CodeIgniter\CodeIgniter->handleRequest()
 9 SYSTEMPATH/Boot.php(417): CodeIgniter\CodeIgniter->run()
10 SYSTEMPATH/Boot.php(68): CodeIgniter\Boot::runCodeIgniter()
11 FCPATH/index.php(59): CodeIgniter\Boot::bootWeb()
12 SYSTEMPATH/rewrite.php(44): require_once('/home/harena/Documents/ITU/S4/Système d’information/RHInterne/public/index.php')
ERROR - 2026-05-20 05:40:42 --> Unable to prepare statement: no such table: employes
in SYSTEMPATH/Database/SQLite3/Connection.php on line 164.
 1 SYSTEMPATH/Database/SQLite3/Connection.php(164): SQLite3->query()
 2 SYSTEMPATH/Database/BaseConnection.php(910): CodeIgniter\Database\SQLite3\Connection->execute()
 3 SYSTEMPATH/Database/BaseConnection.php(827): CodeIgniter\Database\BaseConnection->simpleQuery()
 4 SYSTEMPATH/Database/BaseBuilder.php(1649): CodeIgniter\Database\BaseConnection->query()
 5 APPPATH/Controllers/Auth.php(17): CodeIgniter\Database\BaseBuilder->get()
 6 SYSTEMPATH/CodeIgniter.php(951): App\Controllers\Auth->index()
 7 SYSTEMPATH/CodeIgniter.php(497): CodeIgniter\CodeIgniter->runController()
 8 SYSTEMPATH/CodeIgniter.php(340): CodeIgniter\CodeIgniter->handleRequest()
 9 SYSTEMPATH/Boot.php(417): CodeIgniter\CodeIgniter->run()
10 SYSTEMPATH/Boot.php(68): CodeIgniter\Boot::runCodeIgniter()
11 FCPATH/index.php(59): CodeIgniter\Boot::bootWeb()
12 SYSTEMPATH/rewrite.php(44): require_once('/home/harena/Documents/ITU/S4/Système d’information/RHInterne/public/index.php')
CRITICAL - 2026-05-20 05:40:42 --> CodeIgniter\Database\Exceptions\DatabaseException: Unable to prepare statement: no such table: employes
[Method: GET, Route: /]
in SYSTEMPATH/Database/BaseConnection.php on line 865.
 1 SYSTEMPATH/Database/BaseBuilder.php(1649): CodeIgniter\Database\BaseConnection->query()
 2 APPPATH/Controllers/Auth.php(17): CodeIgniter\Database\BaseBuilder->get()
 3 SYSTEMPATH/CodeIgniter.php(951): App\Controllers\Auth->index()
 4 SYSTEMPATH/CodeIgniter.php(497): CodeIgniter\CodeIgniter->runController()
 5 SYSTEMPATH/CodeIgniter.php(340): CodeIgniter\CodeIgniter->handleRequest()
 6 SYSTEMPATH/Boot.php(417): CodeIgniter\CodeIgniter->run()
 7 SYSTEMPATH/Boot.php(68): CodeIgniter\Boot::runCodeIgniter()
 8 FCPATH/index.php(59): CodeIgniter\Boot::bootWeb()
 9 SYSTEMPATH/rewrite.php(44): require_once('/home/harena/Documents/ITU/S4/Système d’information/RHInterne/public/index.php')
CRITICAL - 2026-05-20 05:40:42 --> [Caused by] CodeIgniter\Database\Exceptions\DatabaseException: Unable to prepare statement: no such table: employes
in SYSTEMPATH/Database/SQLite3/Connection.php on line 174.
 1 SYSTEMPATH/Database/BaseConnection.php(910): CodeIgniter\Database\SQLite3\Connection->execute()
 2 SYSTEMPATH/Database/BaseConnection.php(827): CodeIgniter\Database\BaseConnection->simpleQuery()
 3 SYSTEMPATH/Database/BaseBuilder.php(1649): CodeIgniter\Database\BaseConnection->query()
 4 APPPATH/Controllers/Auth.php(17): CodeIgniter\Database\BaseBuilder->get()
 5 SYSTEMPATH/CodeIgniter.php(951): App\Controllers\Auth->index()
 6 SYSTEMPATH/CodeIgniter.php(497): CodeIgniter\CodeIgniter->runController()
 7 SYSTEMPATH/CodeIgniter.php(340): CodeIgniter\CodeIgniter->handleRequest()
 8 SYSTEMPATH/Boot.php(417): CodeIgniter\CodeIgniter->run()
 9 SYSTEMPATH/Boot.php(68): CodeIgniter\Boot::runCodeIgniter()
10 FCPATH/index.php(59): CodeIgniter\Boot::bootWeb()
11 SYSTEMPATH/rewrite.php(44): require_once('/home/harena/Documents/ITU/S4/Système d’information/RHInterne/public/index.php')
CRITICAL - 2026-05-20 05:40:42 --> [Caused by] SQLite3Exception: Unable to prepare statement: no such table: employes
in SYSTEMPATH/Database/SQLite3/Connection.php on line 164.
 1 SYSTEMPATH/Database/SQLite3/Connection.php(164): SQLite3->query()
 2 SYSTEMPATH/Database/BaseConnection.php(910): CodeIgniter\Database\SQLite3\Connection->execute()
 3 SYSTEMPATH/Database/BaseConnection.php(827): CodeIgniter\Database\BaseConnection->simpleQuery()
 4 SYSTEMPATH/Database/BaseBuilder.php(1649): CodeIgniter\Database\BaseConnection->query()
 5 APPPATH/Controllers/Auth.php(17): CodeIgniter\Database\BaseBuilder->get()
 6 SYSTEMPATH/CodeIgniter.php(951): App\Controllers\Auth->index()
 7 SYSTEMPATH/CodeIgniter.php(497): CodeIgniter\CodeIgniter->runController()
 8 SYSTEMPATH/CodeIgniter.php(340): CodeIgniter\CodeIgniter->handleRequest()
 9 SYSTEMPATH/Boot.php(417): CodeIgniter\CodeIgniter->run()
10 SYSTEMPATH/Boot.php(68): CodeIgniter\Boot::runCodeIgniter()
11 FCPATH/index.php(59): CodeIgniter\Boot::bootWeb()
12 SYSTEMPATH/rewrite.php(44): require_once('/home/harena/Documents/ITU/S4/Système d’information/RHInterne/public/index.php')
ERROR - 2026-05-20 05:40:42 --> Unable to prepare statement: no such table: employes
in SYSTEMPATH/Database/SQLite3/Connection.php on line 164.
 1 SYSTEMPATH/Database/SQLite3/Connection.php(164): SQLite3->query()
 2 SYSTEMPATH/Database/BaseConnection.php(910): CodeIgniter\Database\SQLite3\Connection->execute()
 3 SYSTEMPATH/Database/BaseConnection.php(827): CodeIgniter\Database\BaseConnection->simpleQuery()
 4 SYSTEMPATH/Database/BaseBuilder.php(1649): CodeIgniter\Database\BaseConnection->query()
 5 APPPATH/Controllers/Auth.php(17): CodeIgniter\Database\BaseBuilder->get()
 6 SYSTEMPATH/CodeIgniter.php(951): App\Controllers\Auth->index()
 7 SYSTEMPATH/CodeIgniter.php(497): CodeIgniter\CodeIgniter->runController()
 8 SYSTEMPATH/CodeIgniter.php(340): CodeIgniter\CodeIgniter->handleRequest()
 9 SYSTEMPATH/Boot.php(417): CodeIgniter\CodeIgniter->run()
10 SYSTEMPATH/Boot.php(68): CodeIgniter\Boot::runCodeIgniter()
11 FCPATH/index.php(59): CodeIgniter\Boot::bootWeb()
12 SYSTEMPATH/rewrite.php(44): require_once('/home/harena/Documents/ITU/S4/Système d’information/RHInterne/public/index.php')
CRITICAL - 2026-05-20 05:40:42 --> CodeIgniter\Database\Exceptions\DatabaseException: Unable to prepare statement: no such table: employes
[Method: GET, Route: /]
in SYSTEMPATH/Database/BaseConnection.php on line 865.
 1 SYSTEMPATH/Database/BaseBuilder.php(1649): CodeIgniter\Database\BaseConnection->query()
 2 APPPATH/Controllers/Auth.php(17): CodeIgniter\Database\BaseBuilder->get()
 3 SYSTEMPATH/CodeIgniter.php(951): App\Controllers\Auth->index()
 4 SYSTEMPATH/CodeIgniter.php(497): CodeIgniter\CodeIgniter->runController()
 5 SYSTEMPATH/CodeIgniter.php(340): CodeIgniter\CodeIgniter->handleRequest()
 6 SYSTEMPATH/Boot.php(417): CodeIgniter\CodeIgniter->run()
 7 SYSTEMPATH/Boot.php(68): CodeIgniter\Boot::runCodeIgniter()
 8 FCPATH/index.php(59): CodeIgniter\Boot::bootWeb()
 9 SYSTEMPATH/rewrite.php(44): require_once('/home/harena/Documents/ITU/S4/Système d’information/RHInterne/public/index.php')
CRITICAL - 2026-05-20 05:40:42 --> [Caused by] CodeIgniter\Database\Exceptions\DatabaseException: Unable to prepare statement: no such table: employes
in SYSTEMPATH/Database/SQLite3/Connection.php on line 174.
 1 SYSTEMPATH/Database/BaseConnection.php(910): CodeIgniter\Database\SQLite3\Connection->execute()
 2 SYSTEMPATH/Database/BaseConnection.php(827): CodeIgniter\Database\BaseConnection->simpleQuery()
 3 SYSTEMPATH/Database/BaseBuilder.php(1649): CodeIgniter\Database\BaseConnection->query()
 4 APPPATH/Controllers/Auth.php(17): CodeIgniter\Database\BaseBuilder->get()
 5 SYSTEMPATH/CodeIgniter.php(951): App\Controllers\Auth->index()
 6 SYSTEMPATH/CodeIgniter.php(497): CodeIgniter\CodeIgniter->runController()
 7 SYSTEMPATH/CodeIgniter.php(340): CodeIgniter\CodeIgniter->handleRequest()
 8 SYSTEMPATH/Boot.php(417): CodeIgniter\CodeIgniter->run()
 9 SYSTEMPATH/Boot.php(68): CodeIgniter\Boot::runCodeIgniter()
10 FCPATH/index.php(59): CodeIgniter\Boot::bootWeb()
11 SYSTEMPATH/rewrite.php(44): require_once('/home/harena/Documents/ITU/S4/Système d’information/RHInterne/public/index.php')
CRITICAL - 2026-05-20 05:40:42 --> [Caused by] SQLite3Exception: Unable to prepare statement: no such table: employes
in SYSTEMPATH/Database/SQLite3/Connection.php on line 164.
 1 SYSTEMPATH/Database/SQLite3/Connection.php(164): SQLite3->query()
 2 SYSTEMPATH/Database/BaseConnection.php(910): CodeIgniter\Database\SQLite3\Connection->execute()
 3 SYSTEMPATH/Database/BaseConnection.php(827): CodeIgniter\Database\BaseConnection->simpleQuery()
 4 SYSTEMPATH/Database/BaseBuilder.php(1649): CodeIgniter\Database\BaseConnection->query()
 5 APPPATH/Controllers/Auth.php(17): CodeIgniter\Database\BaseBuilder->get()
 6 SYSTEMPATH/CodeIgniter.php(951): App\Controllers\Auth->index()
 7 SYSTEMPATH/CodeIgniter.php(497): CodeIgniter\CodeIgniter->runController()
 8 SYSTEMPATH/CodeIgniter.php(340): CodeIgniter\CodeIgniter->handleRequest()
 9 SYSTEMPATH/Boot.php(417): CodeIgniter\CodeIgniter->run()
10 SYSTEMPATH/Boot.php(68): CodeIgniter\Boot::runCodeIgniter()
11 FCPATH/index.php(59): CodeIgniter\Boot::bootWeb()
12 SYSTEMPATH/rewrite.php(44): require_once('/home/harena/Documents/ITU/S4/Système d’information/RHInterne/public/index.php')
ERROR - 2026-05-20 05:40:42 --> Unable to prepare statement: no such table: employes
in SYSTEMPATH/Database/SQLite3/Connection.php on line 164.
 1 SYSTEMPATH/Database/SQLite3/Connection.php(164): SQLite3->query()
 2 SYSTEMPATH/Database/BaseConnection.php(910): CodeIgniter\Database\SQLite3\Connection->execute()
 3 SYSTEMPATH/Database/BaseConnection.php(827): CodeIgniter\Database\BaseConnection->simpleQuery()
 4 SYSTEMPATH/Database/BaseBuilder.php(1649): CodeIgniter\Database\BaseConnection->query()
 5 APPPATH/Controllers/Auth.php(17): CodeIgniter\Database\BaseBuilder->get()
 6 SYSTEMPATH/CodeIgniter.php(951): App\Controllers\Auth->index()
 7 SYSTEMPATH/CodeIgniter.php(497): CodeIgniter\CodeIgniter->runController()
 8 SYSTEMPATH/CodeIgniter.php(340): CodeIgniter\CodeIgniter->handleRequest()
 9 SYSTEMPATH/Boot.php(417): CodeIgniter\CodeIgniter->run()
10 SYSTEMPATH/Boot.php(68): CodeIgniter\Boot::runCodeIgniter()
11 FCPATH/index.php(59): CodeIgniter\Boot::bootWeb()
12 SYSTEMPATH/rewrite.php(44): require_once('/home/harena/Documents/ITU/S4/Système d’information/RHInterne/public/index.php')
CRITICAL - 2026-05-20 05:40:42 --> CodeIgniter\Database\Exceptions\DatabaseException: Unable to prepare statement: no such table: employes
[Method: GET, Route: /]
in SYSTEMPATH/Database/BaseConnection.php on line 865.
 1 SYSTEMPATH/Database/BaseBuilder.php(1649): CodeIgniter\Database\BaseConnection->query()
 2 APPPATH/Controllers/Auth.php(17): CodeIgniter\Database\BaseBuilder->get()
 3 SYSTEMPATH/CodeIgniter.php(951): App\Controllers\Auth->index()
 4 SYSTEMPATH/CodeIgniter.php(497): CodeIgniter\CodeIgniter->runController()
 5 SYSTEMPATH/CodeIgniter.php(340): CodeIgniter\CodeIgniter->handleRequest()
 6 SYSTEMPATH/Boot.php(417): CodeIgniter\CodeIgniter->run()
 7 SYSTEMPATH/Boot.php(68): CodeIgniter\Boot::runCodeIgniter()
 8 FCPATH/index.php(59): CodeIgniter\Boot::bootWeb()
 9 SYSTEMPATH/rewrite.php(44): require_once('/home/harena/Documents/ITU/S4/Système d’information/RHInterne/public/index.php')
CRITICAL - 2026-05-20 05:40:42 --> [Caused by] CodeIgniter\Database\Exceptions\DatabaseException: Unable to prepare statement: no such table: employes
in SYSTEMPATH/Database/SQLite3/Connection.php on line 174.
 1 SYSTEMPATH/Database/BaseConnection.php(910): CodeIgniter\Database\SQLite3\Connection->execute()
 2 SYSTEMPATH/Database/BaseConnection.php(827): CodeIgniter\Database\BaseConnection->simpleQuery()
 3 SYSTEMPATH/Database/BaseBuilder.php(1649): CodeIgniter\Database\BaseConnection->query()
 4 APPPATH/Controllers/Auth.php(17): CodeIgniter\Database\BaseBuilder->get()
 5 SYSTEMPATH/CodeIgniter.php(951): App\Controllers\Auth->index()
 6 SYSTEMPATH/CodeIgniter.php(497): CodeIgniter\CodeIgniter->runController()
 7 SYSTEMPATH/CodeIgniter.php(340): CodeIgniter\CodeIgniter->handleRequest()
 8 SYSTEMPATH/Boot.php(417): CodeIgniter\CodeIgniter->run()
 9 SYSTEMPATH/Boot.php(68): CodeIgniter\Boot::runCodeIgniter()
10 FCPATH/index.php(59): CodeIgniter\Boot::bootWeb()
11 SYSTEMPATH/rewrite.php(44): require_once('/home/harena/Documents/ITU/S4/Système d’information/RHInterne/public/index.php')
CRITICAL - 2026-05-20 05:40:42 --> [Caused by] SQLite3Exception: Unable to prepare statement: no such table: employes
in SYSTEMPATH/Database/SQLite3/Connection.php on line 164.
 1 SYSTEMPATH/Database/SQLite3/Connection.php(164): SQLite3->query()
 2 SYSTEMPATH/Database/BaseConnection.php(910): CodeIgniter\Database\SQLite3\Connection->execute()
 3 SYSTEMPATH/Database/BaseConnection.php(827): CodeIgniter\Database\BaseConnection->simpleQuery()
 4 SYSTEMPATH/Database/BaseBuilder.php(1649): CodeIgniter\Database\BaseConnection->query()
 5 APPPATH/Controllers/Auth.php(17): CodeIgniter\Database\BaseBuilder->get()
 6 SYSTEMPATH/CodeIgniter.php(951): App\Controllers\Auth->index()
 7 SYSTEMPATH/CodeIgniter.php(497): CodeIgniter\CodeIgniter->runController()
 8 SYSTEMPATH/CodeIgniter.php(340): CodeIgniter\CodeIgniter->handleRequest()
 9 SYSTEMPATH/Boot.php(417): CodeIgniter\CodeIgniter->run()
10 SYSTEMPATH/Boot.php(68): CodeIgniter\Boot::runCodeIgniter()
11 FCPATH/index.php(59): CodeIgniter\Boot::bootWeb()
12 SYSTEMPATH/rewrite.php(44): require_once('/home/harena/Documents/ITU/S4/Système d’information/RHInterne/public/index.php')
ERROR - 2026-05-20 05:40:42 --> Unable to prepare statement: no such table: employes
in SYSTEMPATH/Database/SQLite3/Connection.php on line 164.
 1 SYSTEMPATH/Database/SQLite3/Connection.php(164): SQLite3->query()
 2 SYSTEMPATH/Database/BaseConnection.php(910): CodeIgniter\Database\SQLite3\Connection->execute()
 3 SYSTEMPATH/Database/BaseConnection.php(827): CodeIgniter\Database\BaseConnection->simpleQuery()
 4 SYSTEMPATH/Database/BaseBuilder.php(1649): CodeIgniter\Database\BaseConnection->query()
 5 APPPATH/Controllers/Auth.php(17): CodeIgniter\Database\BaseBuilder->get()
 6 SYSTEMPATH/CodeIgniter.php(951): App\Controllers\Auth->index()
 7 SYSTEMPATH/CodeIgniter.php(497): CodeIgniter\CodeIgniter->runController()
 8 SYSTEMPATH/CodeIgniter.php(340): CodeIgniter\CodeIgniter->handleRequest()
 9 SYSTEMPATH/Boot.php(417): CodeIgniter\CodeIgniter->run()
10 SYSTEMPATH/Boot.php(68): CodeIgniter\Boot::runCodeIgniter()
11 FCPATH/index.php(59): CodeIgniter\Boot::bootWeb()
12 SYSTEMPATH/rewrite.php(44): require_once('/home/harena/Documents/ITU/S4/Système d’information/RHInterne/public/index.php')
CRITICAL - 2026-05-20 05:40:42 --> CodeIgniter\Database\Exceptions\DatabaseException: Unable to prepare statement: no such table: employes
[Method: GET, Route: /]
in SYSTEMPATH/Database/BaseConnection.php on line 865.
 1 SYSTEMPATH/Database/BaseBuilder.php(1649): CodeIgniter\Database\BaseConnection->query()
 2 APPPATH/Controllers/Auth.php(17): CodeIgniter\Database\BaseBuilder->get()
 3 SYSTEMPATH/CodeIgniter.php(951): App\Controllers\Auth->index()
 4 SYSTEMPATH/CodeIgniter.php(497): CodeIgniter\CodeIgniter->runController()
 5 SYSTEMPATH/CodeIgniter.php(340): CodeIgniter\CodeIgniter->handleRequest()
 6 SYSTEMPATH/Boot.php(417): CodeIgniter\CodeIgniter->run()
 7 SYSTEMPATH/Boot.php(68): CodeIgniter\Boot::runCodeIgniter()
 8 FCPATH/index.php(59): CodeIgniter\Boot::bootWeb()
 9 SYSTEMPATH/rewrite.php(44): require_once('/home/harena/Documents/ITU/S4/Système d’information/RHInterne/public/index.php')
CRITICAL - 2026-05-20 05:40:42 --> [Caused by] CodeIgniter\Database\Exceptions\DatabaseException: Unable to prepare statement: no such table: employes
in SYSTEMPATH/Database/SQLite3/Connection.php on line 174.
 1 SYSTEMPATH/Database/BaseConnection.php(910): CodeIgniter\Database\SQLite3\Connection->execute()
 2 SYSTEMPATH/Database/BaseConnection.php(827): CodeIgniter\Database\BaseConnection->simpleQuery()
 3 SYSTEMPATH/Database/BaseBuilder.php(1649): CodeIgniter\Database\BaseConnection->query()
 4 APPPATH/Controllers/Auth.php(17): CodeIgniter\Database\BaseBuilder->get()
 5 SYSTEMPATH/CodeIgniter.php(951): App\Controllers\Auth->index()
 6 SYSTEMPATH/CodeIgniter.php(497): CodeIgniter\CodeIgniter->runController()
 7 SYSTEMPATH/CodeIgniter.php(340): CodeIgniter\CodeIgniter->handleRequest()
 8 SYSTEMPATH/Boot.php(417): CodeIgniter\CodeIgniter->run()
 9 SYSTEMPATH/Boot.php(68): CodeIgniter\Boot::runCodeIgniter()
10 FCPATH/index.php(59): CodeIgniter\Boot::bootWeb()
11 SYSTEMPATH/rewrite.php(44): require_once('/home/harena/Documents/ITU/S4/Système d’information/RHInterne/public/index.php')
CRITICAL - 2026-05-20 05:40:42 --> [Caused by] SQLite3Exception: Unable to prepare statement: no such table: employes
in SYSTEMPATH/Database/SQLite3/Connection.php on line 164.
 1 SYSTEMPATH/Database/SQLite3/Connection.php(164): SQLite3->query()
 2 SYSTEMPATH/Database/BaseConnection.php(910): CodeIgniter\Database\SQLite3\Connection->execute()
 3 SYSTEMPATH/Database/BaseConnection.php(827): CodeIgniter\Database\BaseConnection->simpleQuery()
 4 SYSTEMPATH/Database/BaseBuilder.php(1649): CodeIgniter\Database\BaseConnection->query()
 5 APPPATH/Controllers/Auth.php(17): CodeIgniter\Database\BaseBuilder->get()
 6 SYSTEMPATH/CodeIgniter.php(951): App\Controllers\Auth->index()
 7 SYSTEMPATH/CodeIgniter.php(497): CodeIgniter\CodeIgniter->runController()
 8 SYSTEMPATH/CodeIgniter.php(340): CodeIgniter\CodeIgniter->handleRequest()
 9 SYSTEMPATH/Boot.php(417): CodeIgniter\CodeIgniter->run()
10 SYSTEMPATH/Boot.php(68): CodeIgniter\Boot::runCodeIgniter()
11 FCPATH/index.php(59): CodeIgniter\Boot::bootWeb()
12 SYSTEMPATH/rewrite.php(44): require_once('/home/harena/Documents/ITU/S4/Système d’information/RHInterne/public/index.php')
ERROR - 2026-05-20 05:40:42 --> Unable to prepare statement: no such table: employes
in SYSTEMPATH/Database/SQLite3/Connection.php on line 164.
 1 SYSTEMPATH/Database/SQLite3/Connection.php(164): SQLite3->query()
 2 SYSTEMPATH/Database/BaseConnection.php(910): CodeIgniter\Database\SQLite3\Connection->execute()
 3 SYSTEMPATH/Database/BaseConnection.php(827): CodeIgniter\Database\BaseConnection->simpleQuery()
 4 SYSTEMPATH/Database/BaseBuilder.php(1649): CodeIgniter\Database\BaseConnection->query()
 5 APPPATH/Controllers/Auth.php(17): CodeIgniter\Database\BaseBuilder->get()
 6 SYSTEMPATH/CodeIgniter.php(951): App\Controllers\Auth->index()
 7 SYSTEMPATH/CodeIgniter.php(497): CodeIgniter\CodeIgniter->runController()
 8 SYSTEMPATH/CodeIgniter.php(340): CodeIgniter\CodeIgniter->handleRequest()
 9 SYSTEMPATH/Boot.php(417): CodeIgniter\CodeIgniter->run()
10 SYSTEMPATH/Boot.php(68): CodeIgniter\Boot::runCodeIgniter()
11 FCPATH/index.php(59): CodeIgniter\Boot::bootWeb()
12 SYSTEMPATH/rewrite.php(44): require_once('/home/harena/Documents/ITU/S4/Système d’information/RHInterne/public/index.php')
CRITICAL - 2026-05-20 05:40:42 --> CodeIgniter\Database\Exceptions\DatabaseException: Unable to prepare statement: no such table: employes
[Method: GET, Route: /]
in SYSTEMPATH/Database/BaseConnection.php on line 865.
 1 SYSTEMPATH/Database/BaseBuilder.php(1649): CodeIgniter\Database\BaseConnection->query()
 2 APPPATH/Controllers/Auth.php(17): CodeIgniter\Database\BaseBuilder->get()
 3 SYSTEMPATH/CodeIgniter.php(951): App\Controllers\Auth->index()
 4 SYSTEMPATH/CodeIgniter.php(497): CodeIgniter\CodeIgniter->runController()
 5 SYSTEMPATH/CodeIgniter.php(340): CodeIgniter\CodeIgniter->handleRequest()
 6 SYSTEMPATH/Boot.php(417): CodeIgniter\CodeIgniter->run()
 7 SYSTEMPATH/Boot.php(68): CodeIgniter\Boot::runCodeIgniter()
 8 FCPATH/index.php(59): CodeIgniter\Boot::bootWeb()
 9 SYSTEMPATH/rewrite.php(44): require_once('/home/harena/Documents/ITU/S4/Système d’information/RHInterne/public/index.php')
CRITICAL - 2026-05-20 05:40:42 --> [Caused by] CodeIgniter\Database\Exceptions\DatabaseException: Unable to prepare statement: no such table: employes
in SYSTEMPATH/Database/SQLite3/Connection.php on line 174.
 1 SYSTEMPATH/Database/BaseConnection.php(910): CodeIgniter\Database\SQLite3\Connection->execute()
 2 SYSTEMPATH/Database/BaseConnection.php(827): CodeIgniter\Database\BaseConnection->simpleQuery()
 3 SYSTEMPATH/Database/BaseBuilder.php(1649): CodeIgniter\Database\BaseConnection->query()
 4 APPPATH/Controllers/Auth.php(17): CodeIgniter\Database\BaseBuilder->get()
 5 SYSTEMPATH/CodeIgniter.php(951): App\Controllers\Auth->index()
 6 SYSTEMPATH/CodeIgniter.php(497): CodeIgniter\CodeIgniter->runController()
 7 SYSTEMPATH/CodeIgniter.php(340): CodeIgniter\CodeIgniter->handleRequest()
 8 SYSTEMPATH/Boot.php(417): CodeIgniter\CodeIgniter->run()
 9 SYSTEMPATH/Boot.php(68): CodeIgniter\Boot::runCodeIgniter()
10 FCPATH/index.php(59): CodeIgniter\Boot::bootWeb()
11 SYSTEMPATH/rewrite.php(44): require_once('/home/harena/Documents/ITU/S4/Système d’information/RHInterne/public/index.php')
CRITICAL - 2026-05-20 05:40:42 --> [Caused by] SQLite3Exception: Unable to prepare statement: no such table: employes
in SYSTEMPATH/Database/SQLite3/Connection.php on line 164.
 1 SYSTEMPATH/Database/SQLite3/Connection.php(164): SQLite3->query()
 2 SYSTEMPATH/Database/BaseConnection.php(910): CodeIgniter\Database\SQLite3\Connection->execute()
 3 SYSTEMPATH/Database/BaseConnection.php(827): CodeIgniter\Database\BaseConnection->simpleQuery()
 4 SYSTEMPATH/Database/BaseBuilder.php(1649): CodeIgniter\Database\BaseConnection->query()
 5 APPPATH/Controllers/Auth.php(17): CodeIgniter\Database\BaseBuilder->get()
 6 SYSTEMPATH/CodeIgniter.php(951): App\Controllers\Auth->index()
 7 SYSTEMPATH/CodeIgniter.php(497): CodeIgniter\CodeIgniter->runController()
 8 SYSTEMPATH/CodeIgniter.php(340): CodeIgniter\CodeIgniter->handleRequest()
 9 SYSTEMPATH/Boot.php(417): CodeIgniter\CodeIgniter->run()
10 SYSTEMPATH/Boot.php(68): CodeIgniter\Boot::runCodeIgniter()
11 FCPATH/index.php(59): CodeIgniter\Boot::bootWeb()
12 SYSTEMPATH/rewrite.php(44): require_once('/home/harena/Documents/ITU/S4/Système d’information/RHInterne/public/index.php')
ERROR - 2026-05-20 05:40:42 --> Unable to prepare statement: no such table: employes
in SYSTEMPATH/Database/SQLite3/Connection.php on line 164.
 1 SYSTEMPATH/Database/SQLite3/Connection.php(164): SQLite3->query()
 2 SYSTEMPATH/Database/BaseConnection.php(910): CodeIgniter\Database\SQLite3\Connection->execute()
 3 SYSTEMPATH/Database/BaseConnection.php(827): CodeIgniter\Database\BaseConnection->simpleQuery()
 4 SYSTEMPATH/Database/BaseBuilder.php(1649): CodeIgniter\Database\BaseConnection->query()
 5 APPPATH/Controllers/Auth.php(17): CodeIgniter\Database\BaseBuilder->get()
 6 SYSTEMPATH/CodeIgniter.php(951): App\Controllers\Auth->index()
 7 SYSTEMPATH/CodeIgniter.php(497): CodeIgniter\CodeIgniter->runController()
 8 SYSTEMPATH/CodeIgniter.php(340): CodeIgniter\CodeIgniter->handleRequest()
 9 SYSTEMPATH/Boot.php(417): CodeIgniter\CodeIgniter->run()
10 SYSTEMPATH/Boot.php(68): CodeIgniter\Boot::runCodeIgniter()
11 FCPATH/index.php(59): CodeIgniter\Boot::bootWeb()
12 SYSTEMPATH/rewrite.php(44): require_once('/home/harena/Documents/ITU/S4/Système d’information/RHInterne/public/index.php')
CRITICAL - 2026-05-20 05:40:42 --> CodeIgniter\Database\Exceptions\DatabaseException: Unable to prepare statement: no such table: employes
[Method: GET, Route: /]
in SYSTEMPATH/Database/BaseConnection.php on line 865.
 1 SYSTEMPATH/Database/BaseBuilder.php(1649): CodeIgniter\Database\BaseConnection->query()
 2 APPPATH/Controllers/Auth.php(17): CodeIgniter\Database\BaseBuilder->get()
 3 SYSTEMPATH/CodeIgniter.php(951): App\Controllers\Auth->index()
 4 SYSTEMPATH/CodeIgniter.php(497): CodeIgniter\CodeIgniter->runController()
 5 SYSTEMPATH/CodeIgniter.php(340): CodeIgniter\CodeIgniter->handleRequest()
 6 SYSTEMPATH/Boot.php(417): CodeIgniter\CodeIgniter->run()
 7 SYSTEMPATH/Boot.php(68): CodeIgniter\Boot::runCodeIgniter()
 8 FCPATH/index.php(59): CodeIgniter\Boot::bootWeb()
 9 SYSTEMPATH/rewrite.php(44): require_once('/home/harena/Documents/ITU/S4/Système d’information/RHInterne/public/index.php')
CRITICAL - 2026-05-20 05:40:42 --> [Caused by] CodeIgniter\Database\Exceptions\DatabaseException: Unable to prepare statement: no such table: employes
in SYSTEMPATH/Database/SQLite3/Connection.php on line 174.
 1 SYSTEMPATH/Database/BaseConnection.php(910): CodeIgniter\Database\SQLite3\Connection->execute()
 2 SYSTEMPATH/Database/BaseConnection.php(827): CodeIgniter\Database\BaseConnection->simpleQuery()
 3 SYSTEMPATH/Database/BaseBuilder.php(1649): CodeIgniter\Database\BaseConnection->query()
 4 APPPATH/Controllers/Auth.php(17): CodeIgniter\Database\BaseBuilder->get()
 5 SYSTEMPATH/CodeIgniter.php(951): App\Controllers\Auth->index()
 6 SYSTEMPATH/CodeIgniter.php(497): CodeIgniter\CodeIgniter->runController()
 7 SYSTEMPATH/CodeIgniter.php(340): CodeIgniter\CodeIgniter->handleRequest()
 8 SYSTEMPATH/Boot.php(417): CodeIgniter\CodeIgniter->run()
 9 SYSTEMPATH/Boot.php(68): CodeIgniter\Boot::runCodeIgniter()
10 FCPATH/index.php(59): CodeIgniter\Boot::bootWeb()
11 SYSTEMPATH/rewrite.php(44): require_once('/home/harena/Documents/ITU/S4/Système d’information/RHInterne/public/index.php')
CRITICAL - 2026-05-20 05:40:42 --> [Caused by] SQLite3Exception: Unable to prepare statement: no such table: employes
in SYSTEMPATH/Database/SQLite3/Connection.php on line 164.
 1 SYSTEMPATH/Database/SQLite3/Connection.php(164): SQLite3->query()
 2 SYSTEMPATH/Database/BaseConnection.php(910): CodeIgniter\Database\SQLite3\Connection->execute()
 3 SYSTEMPATH/Database/BaseConnection.php(827): CodeIgniter\Database\BaseConnection->simpleQuery()
 4 SYSTEMPATH/Database/BaseBuilder.php(1649): CodeIgniter\Database\BaseConnection->query()
 5 APPPATH/Controllers/Auth.php(17): CodeIgniter\Database\BaseBuilder->get()
 6 SYSTEMPATH/CodeIgniter.php(951): App\Controllers\Auth->index()
 7 SYSTEMPATH/CodeIgniter.php(497): CodeIgniter\CodeIgniter->runController()
 8 SYSTEMPATH/CodeIgniter.php(340): CodeIgniter\CodeIgniter->handleRequest()
 9 SYSTEMPATH/Boot.php(417): CodeIgniter\CodeIgniter->run()
10 SYSTEMPATH/Boot.php(68): CodeIgniter\Boot::runCodeIgniter()
11 FCPATH/index.php(59): CodeIgniter\Boot::bootWeb()
12 SYSTEMPATH/rewrite.php(44): require_once('/home/harena/Documents/ITU/S4/Système d’information/RHInterne/public/index.php')
ERROR - 2026-05-20 05:40:42 --> Unable to prepare statement: no such table: employes
in SYSTEMPATH/Database/SQLite3/Connection.php on line 164.
 1 SYSTEMPATH/Database/SQLite3/Connection.php(164): SQLite3->query()
 2 SYSTEMPATH/Database/BaseConnection.php(910): CodeIgniter\Database\SQLite3\Connection->execute()
 3 SYSTEMPATH/Database/BaseConnection.php(827): CodeIgniter\Database\BaseConnection->simpleQuery()
 4 SYSTEMPATH/Database/BaseBuilder.php(1649): CodeIgniter\Database\BaseConnection->query()
 5 APPPATH/Controllers/Auth.php(17): CodeIgniter\Database\BaseBuilder->get()
 6 SYSTEMPATH/CodeIgniter.php(951): App\Controllers\Auth->index()
 7 SYSTEMPATH/CodeIgniter.php(497): CodeIgniter\CodeIgniter->runController()
 8 SYSTEMPATH/CodeIgniter.php(340): CodeIgniter\CodeIgniter->handleRequest()
 9 SYSTEMPATH/Boot.php(417): CodeIgniter\CodeIgniter->run()
10 SYSTEMPATH/Boot.php(68): CodeIgniter\Boot::runCodeIgniter()
11 FCPATH/index.php(59): CodeIgniter\Boot::bootWeb()
12 SYSTEMPATH/rewrite.php(44): require_once('/home/harena/Documents/ITU/S4/Système d’information/RHInterne/public/index.php')
CRITICAL - 2026-05-20 05:40:42 --> CodeIgniter\Database\Exceptions\DatabaseException: Unable to prepare statement: no such table: employes
[Method: GET, Route: /]
in SYSTEMPATH/Database/BaseConnection.php on line 865.
 1 SYSTEMPATH/Database/BaseBuilder.php(1649): CodeIgniter\Database\BaseConnection->query()
 2 APPPATH/Controllers/Auth.php(17): CodeIgniter\Database\BaseBuilder->get()
 3 SYSTEMPATH/CodeIgniter.php(951): App\Controllers\Auth->index()
 4 SYSTEMPATH/CodeIgniter.php(497): CodeIgniter\CodeIgniter->runController()
 5 SYSTEMPATH/CodeIgniter.php(340): CodeIgniter\CodeIgniter->handleRequest()
 6 SYSTEMPATH/Boot.php(417): CodeIgniter\CodeIgniter->run()
 7 SYSTEMPATH/Boot.php(68): CodeIgniter\Boot::runCodeIgniter()
 8 FCPATH/index.php(59): CodeIgniter\Boot::bootWeb()
 9 SYSTEMPATH/rewrite.php(44): require_once('/home/harena/Documents/ITU/S4/Système d’information/RHInterne/public/index.php')
CRITICAL - 2026-05-20 05:40:42 --> [Caused by] CodeIgniter\Database\Exceptions\DatabaseException: Unable to prepare statement: no such table: employes
in SYSTEMPATH/Database/SQLite3/Connection.php on line 174.
 1 SYSTEMPATH/Database/BaseConnection.php(910): CodeIgniter\Database\SQLite3\Connection->execute()
 2 SYSTEMPATH/Database/BaseConnection.php(827): CodeIgniter\Database\BaseConnection->simpleQuery()
 3 SYSTEMPATH/Database/BaseBuilder.php(1649): CodeIgniter\Database\BaseConnection->query()
 4 APPPATH/Controllers/Auth.php(17): CodeIgniter\Database\BaseBuilder->get()
 5 SYSTEMPATH/CodeIgniter.php(951): App\Controllers\Auth->index()
 6 SYSTEMPATH/CodeIgniter.php(497): CodeIgniter\CodeIgniter->runController()
 7 SYSTEMPATH/CodeIgniter.php(340): CodeIgniter\CodeIgniter->handleRequest()
 8 SYSTEMPATH/Boot.php(417): CodeIgniter\CodeIgniter->run()
 9 SYSTEMPATH/Boot.php(68): CodeIgniter\Boot::runCodeIgniter()
10 FCPATH/index.php(59): CodeIgniter\Boot::bootWeb()
11 SYSTEMPATH/rewrite.php(44): require_once('/home/harena/Documents/ITU/S4/Système d’information/RHInterne/public/index.php')
CRITICAL - 2026-05-20 05:40:42 --> [Caused by] SQLite3Exception: Unable to prepare statement: no such table: employes
in SYSTEMPATH/Database/SQLite3/Connection.php on line 164.
 1 SYSTEMPATH/Database/SQLite3/Connection.php(164): SQLite3->query()
 2 SYSTEMPATH/Database/BaseConnection.php(910): CodeIgniter\Database\SQLite3\Connection->execute()
 3 SYSTEMPATH/Database/BaseConnection.php(827): CodeIgniter\Database\BaseConnection->simpleQuery()
 4 SYSTEMPATH/Database/BaseBuilder.php(1649): CodeIgniter\Database\BaseConnection->query()
 5 APPPATH/Controllers/Auth.php(17): CodeIgniter\Database\BaseBuilder->get()
 6 SYSTEMPATH/CodeIgniter.php(951): App\Controllers\Auth->index()
 7 SYSTEMPATH/CodeIgniter.php(497): CodeIgniter\CodeIgniter->runController()
 8 SYSTEMPATH/CodeIgniter.php(340): CodeIgniter\CodeIgniter->handleRequest()
 9 SYSTEMPATH/Boot.php(417): CodeIgniter\CodeIgniter->run()
10 SYSTEMPATH/Boot.php(68): CodeIgniter\Boot::runCodeIgniter()
11 FCPATH/index.php(59): CodeIgniter\Boot::bootWeb()
12 SYSTEMPATH/rewrite.php(44): require_once('/home/harena/Documents/ITU/S4/Système d’information/RHInterne/public/index.php')
ERROR - 2026-05-20 05:40:42 --> Unable to prepare statement: no such table: employes
in SYSTEMPATH/Database/SQLite3/Connection.php on line 164.
 1 SYSTEMPATH/Database/SQLite3/Connection.php(164): SQLite3->query()
 2 SYSTEMPATH/Database/BaseConnection.php(910): CodeIgniter\Database\SQLite3\Connection->execute()
 3 SYSTEMPATH/Database/BaseConnection.php(827): CodeIgniter\Database\BaseConnection->simpleQuery()
 4 SYSTEMPATH/Database/BaseBuilder.php(1649): CodeIgniter\Database\BaseConnection->query()
 5 APPPATH/Controllers/Auth.php(17): CodeIgniter\Database\BaseBuilder->get()
 6 SYSTEMPATH/CodeIgniter.php(951): App\Controllers\Auth->index()
 7 SYSTEMPATH/CodeIgniter.php(497): CodeIgniter\CodeIgniter->runController()
 8 SYSTEMPATH/CodeIgniter.php(340): CodeIgniter\CodeIgniter->handleRequest()
 9 SYSTEMPATH/Boot.php(417): CodeIgniter\CodeIgniter->run()
10 SYSTEMPATH/Boot.php(68): CodeIgniter\Boot::runCodeIgniter()
11 FCPATH/index.php(59): CodeIgniter\Boot::bootWeb()
12 SYSTEMPATH/rewrite.php(44): require_once('/home/harena/Documents/ITU/S4/Système d’information/RHInterne/public/index.php')
CRITICAL - 2026-05-20 05:40:42 --> CodeIgniter\Database\Exceptions\DatabaseException: Unable to prepare statement: no such table: employes
[Method: GET, Route: /]
in SYSTEMPATH/Database/BaseConnection.php on line 865.
 1 SYSTEMPATH/Database/BaseBuilder.php(1649): CodeIgniter\Database\BaseConnection->query()
 2 APPPATH/Controllers/Auth.php(17): CodeIgniter\Database\BaseBuilder->get()
 3 SYSTEMPATH/CodeIgniter.php(951): App\Controllers\Auth->index()
 4 SYSTEMPATH/CodeIgniter.php(497): CodeIgniter\CodeIgniter->runController()
 5 SYSTEMPATH/CodeIgniter.php(340): CodeIgniter\CodeIgniter->handleRequest()
 6 SYSTEMPATH/Boot.php(417): CodeIgniter\CodeIgniter->run()
 7 SYSTEMPATH/Boot.php(68): CodeIgniter\Boot::runCodeIgniter()
 8 FCPATH/index.php(59): CodeIgniter\Boot::bootWeb()
 9 SYSTEMPATH/rewrite.php(44): require_once('/home/harena/Documents/ITU/S4/Système d’information/RHInterne/public/index.php')
CRITICAL - 2026-05-20 05:40:42 --> [Caused by] CodeIgniter\Database\Exceptions\DatabaseException: Unable to prepare statement: no such table: employes
in SYSTEMPATH/Database/SQLite3/Connection.php on line 174.
 1 SYSTEMPATH/Database/BaseConnection.php(910): CodeIgniter\Database\SQLite3\Connection->execute()
 2 SYSTEMPATH/Database/BaseConnection.php(827): CodeIgniter\Database\BaseConnection->simpleQuery()
 3 SYSTEMPATH/Database/BaseBuilder.php(1649): CodeIgniter\Database\BaseConnection->query()
 4 APPPATH/Controllers/Auth.php(17): CodeIgniter\Database\BaseBuilder->get()
 5 SYSTEMPATH/CodeIgniter.php(951): App\Controllers\Auth->index()
 6 SYSTEMPATH/CodeIgniter.php(497): CodeIgniter\CodeIgniter->runController()
 7 SYSTEMPATH/CodeIgniter.php(340): CodeIgniter\CodeIgniter->handleRequest()
 8 SYSTEMPATH/Boot.php(417): CodeIgniter\CodeIgniter->run()
 9 SYSTEMPATH/Boot.php(68): CodeIgniter\Boot::runCodeIgniter()
10 FCPATH/index.php(59): CodeIgniter\Boot::bootWeb()
11 SYSTEMPATH/rewrite.php(44): require_once('/home/harena/Documents/ITU/S4/Système d’information/RHInterne/public/index.php')
CRITICAL - 2026-05-20 05:40:42 --> [Caused by] SQLite3Exception: Unable to prepare statement: no such table: employes
in SYSTEMPATH/Database/SQLite3/Connection.php on line 164.
 1 SYSTEMPATH/Database/SQLite3/Connection.php(164): SQLite3->query()
 2 SYSTEMPATH/Database/BaseConnection.php(910): CodeIgniter\Database\SQLite3\Connection->execute()
 3 SYSTEMPATH/Database/BaseConnection.php(827): CodeIgniter\Database\BaseConnection->simpleQuery()
 4 SYSTEMPATH/Database/BaseBuilder.php(1649): CodeIgniter\Database\BaseConnection->query()
 5 APPPATH/Controllers/Auth.php(17): CodeIgniter\Database\BaseBuilder->get()
 6 SYSTEMPATH/CodeIgniter.php(951): App\Controllers\Auth->index()
 7 SYSTEMPATH/CodeIgniter.php(497): CodeIgniter\CodeIgniter->runController()
 8 SYSTEMPATH/CodeIgniter.php(340): CodeIgniter\CodeIgniter->handleRequest()
 9 SYSTEMPATH/Boot.php(417): CodeIgniter\CodeIgniter->run()
10 SYSTEMPATH/Boot.php(68): CodeIgniter\Boot::runCodeIgniter()
11 FCPATH/index.php(59): CodeIgniter\Boot::bootWeb()
12 SYSTEMPATH/rewrite.php(44): require_once('/home/harena/Documents/ITU/S4/Système d’information/RHInterne/public/index.php')
ERROR - 2026-05-20 05:40:42 --> Unable to prepare statement: no such table: employes
in SYSTEMPATH/Database/SQLite3/Connection.php on line 164.
 1 SYSTEMPATH/Database/SQLite3/Connection.php(164): SQLite3->query()
 2 SYSTEMPATH/Database/BaseConnection.php(910): CodeIgniter\Database\SQLite3\Connection->execute()
 3 SYSTEMPATH/Database/BaseConnection.php(827): CodeIgniter\Database\BaseConnection->simpleQuery()
 4 SYSTEMPATH/Database/BaseBuilder.php(1649): CodeIgniter\Database\BaseConnection->query()
 5 APPPATH/Controllers/Auth.php(17): CodeIgniter\Database\BaseBuilder->get()
 6 SYSTEMPATH/CodeIgniter.php(951): App\Controllers\Auth->index()
 7 SYSTEMPATH/CodeIgniter.php(497): CodeIgniter\CodeIgniter->runController()
 8 SYSTEMPATH/CodeIgniter.php(340): CodeIgniter\CodeIgniter->handleRequest()
 9 SYSTEMPATH/Boot.php(417): CodeIgniter\CodeIgniter->run()
10 SYSTEMPATH/Boot.php(68): CodeIgniter\Boot::runCodeIgniter()
11 FCPATH/index.php(59): CodeIgniter\Boot::bootWeb()
12 SYSTEMPATH/rewrite.php(44): require_once('/home/harena/Documents/ITU/S4/Système d’information/RHInterne/public/index.php')
CRITICAL - 2026-05-20 05:40:42 --> CodeIgniter\Database\Exceptions\DatabaseException: Unable to prepare statement: no such table: employes
[Method: GET, Route: /]
in SYSTEMPATH/Database/BaseConnection.php on line 865.
 1 SYSTEMPATH/Database/BaseBuilder.php(1649): CodeIgniter\Database\BaseConnection->query()
 2 APPPATH/Controllers/Auth.php(17): CodeIgniter\Database\BaseBuilder->get()
 3 SYSTEMPATH/CodeIgniter.php(951): App\Controllers\Auth->index()
 4 SYSTEMPATH/CodeIgniter.php(497): CodeIgniter\CodeIgniter->runController()
 5 SYSTEMPATH/CodeIgniter.php(340): CodeIgniter\CodeIgniter->handleRequest()
 6 SYSTEMPATH/Boot.php(417): CodeIgniter\CodeIgniter->run()
 7 SYSTEMPATH/Boot.php(68): CodeIgniter\Boot::runCodeIgniter()
 8 FCPATH/index.php(59): CodeIgniter\Boot::bootWeb()
 9 SYSTEMPATH/rewrite.php(44): require_once('/home/harena/Documents/ITU/S4/Système d’information/RHInterne/public/index.php')
CRITICAL - 2026-05-20 05:40:42 --> [Caused by] CodeIgniter\Database\Exceptions\DatabaseException: Unable to prepare statement: no such table: employes
in SYSTEMPATH/Database/SQLite3/Connection.php on line 174.
 1 SYSTEMPATH/Database/BaseConnection.php(910): CodeIgniter\Database\SQLite3\Connection->execute()
 2 SYSTEMPATH/Database/BaseConnection.php(827): CodeIgniter\Database\BaseConnection->simpleQuery()
 3 SYSTEMPATH/Database/BaseBuilder.php(1649): CodeIgniter\Database\BaseConnection->query()
 4 APPPATH/Controllers/Auth.php(17): CodeIgniter\Database\BaseBuilder->get()
 5 SYSTEMPATH/CodeIgniter.php(951): App\Controllers\Auth->index()
 6 SYSTEMPATH/CodeIgniter.php(497): CodeIgniter\CodeIgniter->runController()
 7 SYSTEMPATH/CodeIgniter.php(340): CodeIgniter\CodeIgniter->handleRequest()
 8 SYSTEMPATH/Boot.php(417): CodeIgniter\CodeIgniter->run()
 9 SYSTEMPATH/Boot.php(68): CodeIgniter\Boot::runCodeIgniter()
10 FCPATH/index.php(59): CodeIgniter\Boot::bootWeb()
11 SYSTEMPATH/rewrite.php(44): require_once('/home/harena/Documents/ITU/S4/Système d’information/RHInterne/public/index.php')
CRITICAL - 2026-05-20 05:40:42 --> [Caused by] SQLite3Exception: Unable to prepare statement: no such table: employes
in SYSTEMPATH/Database/SQLite3/Connection.php on line 164.
 1 SYSTEMPATH/Database/SQLite3/Connection.php(164): SQLite3->query()
 2 SYSTEMPATH/Database/BaseConnection.php(910): CodeIgniter\Database\SQLite3\Connection->execute()
 3 SYSTEMPATH/Database/BaseConnection.php(827): CodeIgniter\Database\BaseConnection->simpleQuery()
 4 SYSTEMPATH/Database/BaseBuilder.php(1649): CodeIgniter\Database\BaseConnection->query()
 5 APPPATH/Controllers/Auth.php(17): CodeIgniter\Database\BaseBuilder->get()
 6 SYSTEMPATH/CodeIgniter.php(951): App\Controllers\Auth->index()
 7 SYSTEMPATH/CodeIgniter.php(497): CodeIgniter\CodeIgniter->runController()
 8 SYSTEMPATH/CodeIgniter.php(340): CodeIgniter\CodeIgniter->handleRequest()
 9 SYSTEMPATH/Boot.php(417): CodeIgniter\CodeIgniter->run()
10 SYSTEMPATH/Boot.php(68): CodeIgniter\Boot::runCodeIgniter()
11 FCPATH/index.php(59): CodeIgniter\Boot::bootWeb()
12 SYSTEMPATH/rewrite.php(44): require_once('/home/harena/Documents/ITU/S4/Système d’information/RHInterne/public/index.php')
ERROR - 2026-05-20 05:40:42 --> Unable to prepare statement: no such table: employes
in SYSTEMPATH/Database/SQLite3/Connection.php on line 164.
 1 SYSTEMPATH/Database/SQLite3/Connection.php(164): SQLite3->query()
 2 SYSTEMPATH/Database/BaseConnection.php(910): CodeIgniter\Database\SQLite3\Connection->execute()
 3 SYSTEMPATH/Database/BaseConnection.php(827): CodeIgniter\Database\BaseConnection->simpleQuery()
 4 SYSTEMPATH/Database/BaseBuilder.php(1649): CodeIgniter\Database\BaseConnection->query()
 5 APPPATH/Controllers/Auth.php(17): CodeIgniter\Database\BaseBuilder->get()
 6 SYSTEMPATH/CodeIgniter.php(951): App\Controllers\Auth->index()
 7 SYSTEMPATH/CodeIgniter.php(497): CodeIgniter\CodeIgniter->runController()
 8 SYSTEMPATH/CodeIgniter.php(340): CodeIgniter\CodeIgniter->handleRequest()
 9 SYSTEMPATH/Boot.php(417): CodeIgniter\CodeIgniter->run()
10 SYSTEMPATH/Boot.php(68): CodeIgniter\Boot::runCodeIgniter()
11 FCPATH/index.php(59): CodeIgniter\Boot::bootWeb()
12 SYSTEMPATH/rewrite.php(44): require_once('/home/harena/Documents/ITU/S4/Système d’information/RHInterne/public/index.php')
CRITICAL - 2026-05-20 05:40:42 --> CodeIgniter\Database\Exceptions\DatabaseException: Unable to prepare statement: no such table: employes
[Method: GET, Route: /]
in SYSTEMPATH/Database/BaseConnection.php on line 865.
 1 SYSTEMPATH/Database/BaseBuilder.php(1649): CodeIgniter\Database\BaseConnection->query()
 2 APPPATH/Controllers/Auth.php(17): CodeIgniter\Database\BaseBuilder->get()
 3 SYSTEMPATH/CodeIgniter.php(951): App\Controllers\Auth->index()
 4 SYSTEMPATH/CodeIgniter.php(497): CodeIgniter\CodeIgniter->runController()
 5 SYSTEMPATH/CodeIgniter.php(340): CodeIgniter\CodeIgniter->handleRequest()
 6 SYSTEMPATH/Boot.php(417): CodeIgniter\CodeIgniter->run()
 7 SYSTEMPATH/Boot.php(68): CodeIgniter\Boot::runCodeIgniter()
 8 FCPATH/index.php(59): CodeIgniter\Boot::bootWeb()
 9 SYSTEMPATH/rewrite.php(44): require_once('/home/harena/Documents/ITU/S4/Système d’information/RHInterne/public/index.php')
CRITICAL - 2026-05-20 05:40:42 --> [Caused by] CodeIgniter\Database\Exceptions\DatabaseException: Unable to prepare statement: no such table: employes
in SYSTEMPATH/Database/SQLite3/Connection.php on line 174.
 1 SYSTEMPATH/Database/BaseConnection.php(910): CodeIgniter\Database\SQLite3\Connection->execute()
 2 SYSTEMPATH/Database/BaseConnection.php(827): CodeIgniter\Database\BaseConnection->simpleQuery()
 3 SYSTEMPATH/Database/BaseBuilder.php(1649): CodeIgniter\Database\BaseConnection->query()
 4 APPPATH/Controllers/Auth.php(17): CodeIgniter\Database\BaseBuilder->get()
 5 SYSTEMPATH/CodeIgniter.php(951): App\Controllers\Auth->index()
 6 SYSTEMPATH/CodeIgniter.php(497): CodeIgniter\CodeIgniter->runController()
 7 SYSTEMPATH/CodeIgniter.php(340): CodeIgniter\CodeIgniter->handleRequest()
 8 SYSTEMPATH/Boot.php(417): CodeIgniter\CodeIgniter->run()
 9 SYSTEMPATH/Boot.php(68): CodeIgniter\Boot::runCodeIgniter()
10 FCPATH/index.php(59): CodeIgniter\Boot::bootWeb()
11 SYSTEMPATH/rewrite.php(44): require_once('/home/harena/Documents/ITU/S4/Système d’information/RHInterne/public/index.php')
CRITICAL - 2026-05-20 05:40:42 --> [Caused by] SQLite3Exception: Unable to prepare statement: no such table: employes
in SYSTEMPATH/Database/SQLite3/Connection.php on line 164.
 1 SYSTEMPATH/Database/SQLite3/Connection.php(164): SQLite3->query()
 2 SYSTEMPATH/Database/BaseConnection.php(910): CodeIgniter\Database\SQLite3\Connection->execute()
 3 SYSTEMPATH/Database/BaseConnection.php(827): CodeIgniter\Database\BaseConnection->simpleQuery()
 4 SYSTEMPATH/Database/BaseBuilder.php(1649): CodeIgniter\Database\BaseConnection->query()
 5 APPPATH/Controllers/Auth.php(17): CodeIgniter\Database\BaseBuilder->get()
 6 SYSTEMPATH/CodeIgniter.php(951): App\Controllers\Auth->index()
 7 SYSTEMPATH/CodeIgniter.php(497): CodeIgniter\CodeIgniter->runController()
 8 SYSTEMPATH/CodeIgniter.php(340): CodeIgniter\CodeIgniter->handleRequest()
 9 SYSTEMPATH/Boot.php(417): CodeIgniter\CodeIgniter->run()
10 SYSTEMPATH/Boot.php(68): CodeIgniter\Boot::runCodeIgniter()
11 FCPATH/index.php(59): CodeIgniter\Boot::bootWeb()
12 SYSTEMPATH/rewrite.php(44): require_once('/home/harena/Documents/ITU/S4/Système d’information/RHInterne/public/index.php')
ERROR - 2026-05-20 05:40:42 --> Unable to prepare statement: no such table: employes
in SYSTEMPATH/Database/SQLite3/Connection.php on line 164.
 1 SYSTEMPATH/Database/SQLite3/Connection.php(164): SQLite3->query()
 2 SYSTEMPATH/Database/BaseConnection.php(910): CodeIgniter\Database\SQLite3\Connection->execute()
 3 SYSTEMPATH/Database/BaseConnection.php(827): CodeIgniter\Database\BaseConnection->simpleQuery()
 4 SYSTEMPATH/Database/BaseBuilder.php(1649): CodeIgniter\Database\BaseConnection->query()
 5 APPPATH/Controllers/Auth.php(17): CodeIgniter\Database\BaseBuilder->get()
 6 SYSTEMPATH/CodeIgniter.php(951): App\Controllers\Auth->index()
 7 SYSTEMPATH/CodeIgniter.php(497): CodeIgniter\CodeIgniter->runController()
 8 SYSTEMPATH/CodeIgniter.php(340): CodeIgniter\CodeIgniter->handleRequest()
 9 SYSTEMPATH/Boot.php(417): CodeIgniter\CodeIgniter->run()
10 SYSTEMPATH/Boot.php(68): CodeIgniter\Boot::runCodeIgniter()
11 FCPATH/index.php(59): CodeIgniter\Boot::bootWeb()
12 SYSTEMPATH/rewrite.php(44): require_once('/home/harena/Documents/ITU/S4/Système d’information/RHInterne/public/index.php')
CRITICAL - 2026-05-20 05:40:42 --> CodeIgniter\Database\Exceptions\DatabaseException: Unable to prepare statement: no such table: employes
[Method: GET, Route: /]
in SYSTEMPATH/Database/BaseConnection.php on line 865.
 1 SYSTEMPATH/Database/BaseBuilder.php(1649): CodeIgniter\Database\BaseConnection->query()
 2 APPPATH/Controllers/Auth.php(17): CodeIgniter\Database\BaseBuilder->get()
 3 SYSTEMPATH/CodeIgniter.php(951): App\Controllers\Auth->index()
 4 SYSTEMPATH/CodeIgniter.php(497): CodeIgniter\CodeIgniter->runController()
 5 SYSTEMPATH/CodeIgniter.php(340): CodeIgniter\CodeIgniter->handleRequest()
 6 SYSTEMPATH/Boot.php(417): CodeIgniter\CodeIgniter->run()
 7 SYSTEMPATH/Boot.php(68): CodeIgniter\Boot::runCodeIgniter()
 8 FCPATH/index.php(59): CodeIgniter\Boot::bootWeb()
 9 SYSTEMPATH/rewrite.php(44): require_once('/home/harena/Documents/ITU/S4/Système d’information/RHInterne/public/index.php')
CRITICAL - 2026-05-20 05:40:42 --> [Caused by] CodeIgniter\Database\Exceptions\DatabaseException: Unable to prepare statement: no such table: employes
in SYSTEMPATH/Database/SQLite3/Connection.php on line 174.
 1 SYSTEMPATH/Database/BaseConnection.php(910): CodeIgniter\Database\SQLite3\Connection->execute()
 2 SYSTEMPATH/Database/BaseConnection.php(827): CodeIgniter\Database\BaseConnection->simpleQuery()
 3 SYSTEMPATH/Database/BaseBuilder.php(1649): CodeIgniter\Database\BaseConnection->query()
 4 APPPATH/Controllers/Auth.php(17): CodeIgniter\Database\BaseBuilder->get()
 5 SYSTEMPATH/CodeIgniter.php(951): App\Controllers\Auth->index()
 6 SYSTEMPATH/CodeIgniter.php(497): CodeIgniter\CodeIgniter->runController()
 7 SYSTEMPATH/CodeIgniter.php(340): CodeIgniter\CodeIgniter->handleRequest()
 8 SYSTEMPATH/Boot.php(417): CodeIgniter\CodeIgniter->run()
 9 SYSTEMPATH/Boot.php(68): CodeIgniter\Boot::runCodeIgniter()
10 FCPATH/index.php(59): CodeIgniter\Boot::bootWeb()
11 SYSTEMPATH/rewrite.php(44): require_once('/home/harena/Documents/ITU/S4/Système d’information/RHInterne/public/index.php')
CRITICAL - 2026-05-20 05:40:42 --> [Caused by] SQLite3Exception: Unable to prepare statement: no such table: employes
in SYSTEMPATH/Database/SQLite3/Connection.php on line 164.
 1 SYSTEMPATH/Database/SQLite3/Connection.php(164): SQLite3->query()
 2 SYSTEMPATH/Database/BaseConnection.php(910): CodeIgniter\Database\SQLite3\Connection->execute()
 3 SYSTEMPATH/Database/BaseConnection.php(827): CodeIgniter\Database\BaseConnection->simpleQuery()
 4 SYSTEMPATH/Database/BaseBuilder.php(1649): CodeIgniter\Database\BaseConnection->query()
 5 APPPATH/Controllers/Auth.php(17): CodeIgniter\Database\BaseBuilder->get()
 6 SYSTEMPATH/CodeIgniter.php(951): App\Controllers\Auth->index()
 7 SYSTEMPATH/CodeIgniter.php(497): CodeIgniter\CodeIgniter->runController()
 8 SYSTEMPATH/CodeIgniter.php(340): CodeIgniter\CodeIgniter->handleRequest()
 9 SYSTEMPATH/Boot.php(417): CodeIgniter\CodeIgniter->run()
10 SYSTEMPATH/Boot.php(68): CodeIgniter\Boot::runCodeIgniter()
11 FCPATH/index.php(59): CodeIgniter\Boot::bootWeb()
12 SYSTEMPATH/rewrite.php(44): require_once('/home/harena/Documents/ITU/S4/Système d’information/RHInterne/public/index.php')
ERROR - 2026-05-20 05:40:43 --> Unable to prepare statement: no such table: employes
in SYSTEMPATH/Database/SQLite3/Connection.php on line 164.
 1 SYSTEMPATH/Database/SQLite3/Connection.php(164): SQLite3->query()
 2 SYSTEMPATH/Database/BaseConnection.php(910): CodeIgniter\Database\SQLite3\Connection->execute()
 3 SYSTEMPATH/Database/BaseConnection.php(827): CodeIgniter\Database\BaseConnection->simpleQuery()
 4 SYSTEMPATH/Database/BaseBuilder.php(1649): CodeIgniter\Database\BaseConnection->query()
 5 APPPATH/Controllers/Auth.php(17): CodeIgniter\Database\BaseBuilder->get()
 6 SYSTEMPATH/CodeIgniter.php(951): App\Controllers\Auth->index()
 7 SYSTEMPATH/CodeIgniter.php(497): CodeIgniter\CodeIgniter->runController()
 8 SYSTEMPATH/CodeIgniter.php(340): CodeIgniter\CodeIgniter->handleRequest()
 9 SYSTEMPATH/Boot.php(417): CodeIgniter\CodeIgniter->run()
10 SYSTEMPATH/Boot.php(68): CodeIgniter\Boot::runCodeIgniter()
11 FCPATH/index.php(59): CodeIgniter\Boot::bootWeb()
12 SYSTEMPATH/rewrite.php(44): require_once('/home/harena/Documents/ITU/S4/Système d’information/RHInterne/public/index.php')
CRITICAL - 2026-05-20 05:40:43 --> CodeIgniter\Database\Exceptions\DatabaseException: Unable to prepare statement: no such table: employes
[Method: GET, Route: /]
in SYSTEMPATH/Database/BaseConnection.php on line 865.
 1 SYSTEMPATH/Database/BaseBuilder.php(1649): CodeIgniter\Database\BaseConnection->query()
 2 APPPATH/Controllers/Auth.php(17): CodeIgniter\Database\BaseBuilder->get()
 3 SYSTEMPATH/CodeIgniter.php(951): App\Controllers\Auth->index()
 4 SYSTEMPATH/CodeIgniter.php(497): CodeIgniter\CodeIgniter->runController()
 5 SYSTEMPATH/CodeIgniter.php(340): CodeIgniter\CodeIgniter->handleRequest()
 6 SYSTEMPATH/Boot.php(417): CodeIgniter\CodeIgniter->run()
 7 SYSTEMPATH/Boot.php(68): CodeIgniter\Boot::runCodeIgniter()
 8 FCPATH/index.php(59): CodeIgniter\Boot::bootWeb()
 9 SYSTEMPATH/rewrite.php(44): require_once('/home/harena/Documents/ITU/S4/Système d’information/RHInterne/public/index.php')
CRITICAL - 2026-05-20 05:40:43 --> [Caused by] CodeIgniter\Database\Exceptions\DatabaseException: Unable to prepare statement: no such table: employes
in SYSTEMPATH/Database/SQLite3/Connection.php on line 174.
 1 SYSTEMPATH/Database/BaseConnection.php(910): CodeIgniter\Database\SQLite3\Connection->execute()
 2 SYSTEMPATH/Database/BaseConnection.php(827): CodeIgniter\Database\BaseConnection->simpleQuery()
 3 SYSTEMPATH/Database/BaseBuilder.php(1649): CodeIgniter\Database\BaseConnection->query()
 4 APPPATH/Controllers/Auth.php(17): CodeIgniter\Database\BaseBuilder->get()
 5 SYSTEMPATH/CodeIgniter.php(951): App\Controllers\Auth->index()
 6 SYSTEMPATH/CodeIgniter.php(497): CodeIgniter\CodeIgniter->runController()
 7 SYSTEMPATH/CodeIgniter.php(340): CodeIgniter\CodeIgniter->handleRequest()
 8 SYSTEMPATH/Boot.php(417): CodeIgniter\CodeIgniter->run()
 9 SYSTEMPATH/Boot.php(68): CodeIgniter\Boot::runCodeIgniter()
10 FCPATH/index.php(59): CodeIgniter\Boot::bootWeb()
11 SYSTEMPATH/rewrite.php(44): require_once('/home/harena/Documents/ITU/S4/Système d’information/RHInterne/public/index.php')
CRITICAL - 2026-05-20 05:40:43 --> [Caused by] SQLite3Exception: Unable to prepare statement: no such table: employes
in SYSTEMPATH/Database/SQLite3/Connection.php on line 164.
 1 SYSTEMPATH/Database/SQLite3/Connection.php(164): SQLite3->query()
 2 SYSTEMPATH/Database/BaseConnection.php(910): CodeIgniter\Database\SQLite3\Connection->execute()
 3 SYSTEMPATH/Database/BaseConnection.php(827): CodeIgniter\Database\BaseConnection->simpleQuery()
 4 SYSTEMPATH/Database/BaseBuilder.php(1649): CodeIgniter\Database\BaseConnection->query()
 5 APPPATH/Controllers/Auth.php(17): CodeIgniter\Database\BaseBuilder->get()
 6 SYSTEMPATH/CodeIgniter.php(951): App\Controllers\Auth->index()
 7 SYSTEMPATH/CodeIgniter.php(497): CodeIgniter\CodeIgniter->runController()
 8 SYSTEMPATH/CodeIgniter.php(340): CodeIgniter\CodeIgniter->handleRequest()
 9 SYSTEMPATH/Boot.php(417): CodeIgniter\CodeIgniter->run()
10 SYSTEMPATH/Boot.php(68): CodeIgniter\Boot::runCodeIgniter()
11 FCPATH/index.php(59): CodeIgniter\Boot::bootWeb()
12 SYSTEMPATH/rewrite.php(44): require_once('/home/harena/Documents/ITU/S4/Système d’information/RHInterne/public/index.php')
ERROR - 2026-05-20 05:40:43 --> Unable to prepare statement: no such table: employes
in SYSTEMPATH/Database/SQLite3/Connection.php on line 164.
 1 SYSTEMPATH/Database/SQLite3/Connection.php(164): SQLite3->query()
 2 SYSTEMPATH/Database/BaseConnection.php(910): CodeIgniter\Database\SQLite3\Connection->execute()
 3 SYSTEMPATH/Database/BaseConnection.php(827): CodeIgniter\Database\BaseConnection->simpleQuery()
 4 SYSTEMPATH/Database/BaseBuilder.php(1649): CodeIgniter\Database\BaseConnection->query()
 5 APPPATH/Controllers/Auth.php(17): CodeIgniter\Database\BaseBuilder->get()
 6 SYSTEMPATH/CodeIgniter.php(951): App\Controllers\Auth->index()
 7 SYSTEMPATH/CodeIgniter.php(497): CodeIgniter\CodeIgniter->runController()
 8 SYSTEMPATH/CodeIgniter.php(340): CodeIgniter\CodeIgniter->handleRequest()
 9 SYSTEMPATH/Boot.php(417): CodeIgniter\CodeIgniter->run()
10 SYSTEMPATH/Boot.php(68): CodeIgniter\Boot::runCodeIgniter()
11 FCPATH/index.php(59): CodeIgniter\Boot::bootWeb()
12 SYSTEMPATH/rewrite.php(44): require_once('/home/harena/Documents/ITU/S4/Système d’information/RHInterne/public/index.php')
CRITICAL - 2026-05-20 05:40:43 --> CodeIgniter\Database\Exceptions\DatabaseException: Unable to prepare statement: no such table: employes
[Method: GET, Route: /]
in SYSTEMPATH/Database/BaseConnection.php on line 865.
 1 SYSTEMPATH/Database/BaseBuilder.php(1649): CodeIgniter\Database\BaseConnection->query()
 2 APPPATH/Controllers/Auth.php(17): CodeIgniter\Database\BaseBuilder->get()
 3 SYSTEMPATH/CodeIgniter.php(951): App\Controllers\Auth->index()
 4 SYSTEMPATH/CodeIgniter.php(497): CodeIgniter\CodeIgniter->runController()
 5 SYSTEMPATH/CodeIgniter.php(340): CodeIgniter\CodeIgniter->handleRequest()
 6 SYSTEMPATH/Boot.php(417): CodeIgniter\CodeIgniter->run()
 7 SYSTEMPATH/Boot.php(68): CodeIgniter\Boot::runCodeIgniter()
 8 FCPATH/index.php(59): CodeIgniter\Boot::bootWeb()
 9 SYSTEMPATH/rewrite.php(44): require_once('/home/harena/Documents/ITU/S4/Système d’information/RHInterne/public/index.php')
CRITICAL - 2026-05-20 05:40:43 --> [Caused by] CodeIgniter\Database\Exceptions\DatabaseException: Unable to prepare statement: no such table: employes
in SYSTEMPATH/Database/SQLite3/Connection.php on line 174.
 1 SYSTEMPATH/Database/BaseConnection.php(910): CodeIgniter\Database\SQLite3\Connection->execute()
 2 SYSTEMPATH/Database/BaseConnection.php(827): CodeIgniter\Database\BaseConnection->simpleQuery()
 3 SYSTEMPATH/Database/BaseBuilder.php(1649): CodeIgniter\Database\BaseConnection->query()
 4 APPPATH/Controllers/Auth.php(17): CodeIgniter\Database\BaseBuilder->get()
 5 SYSTEMPATH/CodeIgniter.php(951): App\Controllers\Auth->index()
 6 SYSTEMPATH/CodeIgniter.php(497): CodeIgniter\CodeIgniter->runController()
 7 SYSTEMPATH/CodeIgniter.php(340): CodeIgniter\CodeIgniter->handleRequest()
 8 SYSTEMPATH/Boot.php(417): CodeIgniter\CodeIgniter->run()
 9 SYSTEMPATH/Boot.php(68): CodeIgniter\Boot::runCodeIgniter()
10 FCPATH/index.php(59): CodeIgniter\Boot::bootWeb()
11 SYSTEMPATH/rewrite.php(44): require_once('/home/harena/Documents/ITU/S4/Système d’information/RHInterne/public/index.php')
CRITICAL - 2026-05-20 05:40:43 --> [Caused by] SQLite3Exception: Unable to prepare statement: no such table: employes
in SYSTEMPATH/Database/SQLite3/Connection.php on line 164.
 1 SYSTEMPATH/Database/SQLite3/Connection.php(164): SQLite3->query()
 2 SYSTEMPATH/Database/BaseConnection.php(910): CodeIgniter\Database\SQLite3\Connection->execute()
 3 SYSTEMPATH/Database/BaseConnection.php(827): CodeIgniter\Database\BaseConnection->simpleQuery()
 4 SYSTEMPATH/Database/BaseBuilder.php(1649): CodeIgniter\Database\BaseConnection->query()
 5 APPPATH/Controllers/Auth.php(17): CodeIgniter\Database\BaseBuilder->get()
 6 SYSTEMPATH/CodeIgniter.php(951): App\Controllers\Auth->index()
 7 SYSTEMPATH/CodeIgniter.php(497): CodeIgniter\CodeIgniter->runController()
 8 SYSTEMPATH/CodeIgniter.php(340): CodeIgniter\CodeIgniter->handleRequest()
 9 SYSTEMPATH/Boot.php(417): CodeIgniter\CodeIgniter->run()
10 SYSTEMPATH/Boot.php(68): CodeIgniter\Boot::runCodeIgniter()
11 FCPATH/index.php(59): CodeIgniter\Boot::bootWeb()
12 SYSTEMPATH/rewrite.php(44): require_once('/home/harena/Documents/ITU/S4/Système d’information/RHInterne/public/index.php')
ERROR - 2026-05-20 05:40:43 --> Unable to prepare statement: no such table: employes
in SYSTEMPATH/Database/SQLite3/Connection.php on line 164.
 1 SYSTEMPATH/Database/SQLite3/Connection.php(164): SQLite3->query()
 2 SYSTEMPATH/Database/BaseConnection.php(910): CodeIgniter\Database\SQLite3\Connection->execute()
 3 SYSTEMPATH/Database/BaseConnection.php(827): CodeIgniter\Database\BaseConnection->simpleQuery()
 4 SYSTEMPATH/Database/BaseBuilder.php(1649): CodeIgniter\Database\BaseConnection->query()
 5 APPPATH/Controllers/Auth.php(17): CodeIgniter\Database\BaseBuilder->get()
 6 SYSTEMPATH/CodeIgniter.php(951): App\Controllers\Auth->index()
 7 SYSTEMPATH/CodeIgniter.php(497): CodeIgniter\CodeIgniter->runController()
 8 SYSTEMPATH/CodeIgniter.php(340): CodeIgniter\CodeIgniter->handleRequest()
 9 SYSTEMPATH/Boot.php(417): CodeIgniter\CodeIgniter->run()
10 SYSTEMPATH/Boot.php(68): CodeIgniter\Boot::runCodeIgniter()
11 FCPATH/index.php(59): CodeIgniter\Boot::bootWeb()
12 SYSTEMPATH/rewrite.php(44): require_once('/home/harena/Documents/ITU/S4/Système d’information/RHInterne/public/index.php')
CRITICAL - 2026-05-20 05:40:43 --> CodeIgniter\Database\Exceptions\DatabaseException: Unable to prepare statement: no such table: employes
[Method: GET, Route: /]
in SYSTEMPATH/Database/BaseConnection.php on line 865.
 1 SYSTEMPATH/Database/BaseBuilder.php(1649): CodeIgniter\Database\BaseConnection->query()
 2 APPPATH/Controllers/Auth.php(17): CodeIgniter\Database\BaseBuilder->get()
 3 SYSTEMPATH/CodeIgniter.php(951): App\Controllers\Auth->index()
 4 SYSTEMPATH/CodeIgniter.php(497): CodeIgniter\CodeIgniter->runController()
 5 SYSTEMPATH/CodeIgniter.php(340): CodeIgniter\CodeIgniter->handleRequest()
 6 SYSTEMPATH/Boot.php(417): CodeIgniter\CodeIgniter->run()
 7 SYSTEMPATH/Boot.php(68): CodeIgniter\Boot::runCodeIgniter()
 8 FCPATH/index.php(59): CodeIgniter\Boot::bootWeb()
 9 SYSTEMPATH/rewrite.php(44): require_once('/home/harena/Documents/ITU/S4/Système d’information/RHInterne/public/index.php')
CRITICAL - 2026-05-20 05:40:43 --> [Caused by] CodeIgniter\Database\Exceptions\DatabaseException: Unable to prepare statement: no such table: employes
in SYSTEMPATH/Database/SQLite3/Connection.php on line 174.
 1 SYSTEMPATH/Database/BaseConnection.php(910): CodeIgniter\Database\SQLite3\Connection->execute()
 2 SYSTEMPATH/Database/BaseConnection.php(827): CodeIgniter\Database\BaseConnection->simpleQuery()
 3 SYSTEMPATH/Database/BaseBuilder.php(1649): CodeIgniter\Database\BaseConnection->query()
 4 APPPATH/Controllers/Auth.php(17): CodeIgniter\Database\BaseBuilder->get()
 5 SYSTEMPATH/CodeIgniter.php(951): App\Controllers\Auth->index()
 6 SYSTEMPATH/CodeIgniter.php(497): CodeIgniter\CodeIgniter->runController()
 7 SYSTEMPATH/CodeIgniter.php(340): CodeIgniter\CodeIgniter->handleRequest()
 8 SYSTEMPATH/Boot.php(417): CodeIgniter\CodeIgniter->run()
 9 SYSTEMPATH/Boot.php(68): CodeIgniter\Boot::runCodeIgniter()
10 FCPATH/index.php(59): CodeIgniter\Boot::bootWeb()
11 SYSTEMPATH/rewrite.php(44): require_once('/home/harena/Documents/ITU/S4/Système d’information/RHInterne/public/index.php')
CRITICAL - 2026-05-20 05:40:43 --> [Caused by] SQLite3Exception: Unable to prepare statement: no such table: employes
in SYSTEMPATH/Database/SQLite3/Connection.php on line 164.
 1 SYSTEMPATH/Database/SQLite3/Connection.php(164): SQLite3->query()
 2 SYSTEMPATH/Database/BaseConnection.php(910): CodeIgniter\Database\SQLite3\Connection->execute()
 3 SYSTEMPATH/Database/BaseConnection.php(827): CodeIgniter\Database\BaseConnection->simpleQuery()
 4 SYSTEMPATH/Database/BaseBuilder.php(1649): CodeIgniter\Database\BaseConnection->query()
 5 APPPATH/Controllers/Auth.php(17): CodeIgniter\Database\BaseBuilder->get()
 6 SYSTEMPATH/CodeIgniter.php(951): App\Controllers\Auth->index()
 7 SYSTEMPATH/CodeIgniter.php(497): CodeIgniter\CodeIgniter->runController()
 8 SYSTEMPATH/CodeIgniter.php(340): CodeIgniter\CodeIgniter->handleRequest()
 9 SYSTEMPATH/Boot.php(417): CodeIgniter\CodeIgniter->run()
10 SYSTEMPATH/Boot.php(68): CodeIgniter\Boot::runCodeIgniter()
11 FCPATH/index.php(59): CodeIgniter\Boot::bootWeb()
12 SYSTEMPATH/rewrite.php(44): require_once('/home/harena/Documents/ITU/S4/Système d’information/RHInterne/public/index.php')
ERROR - 2026-05-20 05:40:43 --> Unable to prepare statement: no such table: employes
in SYSTEMPATH/Database/SQLite3/Connection.php on line 164.
 1 SYSTEMPATH/Database/SQLite3/Connection.php(164): SQLite3->query()
 2 SYSTEMPATH/Database/BaseConnection.php(910): CodeIgniter\Database\SQLite3\Connection->execute()
 3 SYSTEMPATH/Database/BaseConnection.php(827): CodeIgniter\Database\BaseConnection->simpleQuery()
 4 SYSTEMPATH/Database/BaseBuilder.php(1649): CodeIgniter\Database\BaseConnection->query()
 5 APPPATH/Controllers/Auth.php(17): CodeIgniter\Database\BaseBuilder->get()
 6 SYSTEMPATH/CodeIgniter.php(951): App\Controllers\Auth->index()
 7 SYSTEMPATH/CodeIgniter.php(497): CodeIgniter\CodeIgniter->runController()
 8 SYSTEMPATH/CodeIgniter.php(340): CodeIgniter\CodeIgniter->handleRequest()
 9 SYSTEMPATH/Boot.php(417): CodeIgniter\CodeIgniter->run()
10 SYSTEMPATH/Boot.php(68): CodeIgniter\Boot::runCodeIgniter()
11 FCPATH/index.php(59): CodeIgniter\Boot::bootWeb()
12 SYSTEMPATH/rewrite.php(44): require_once('/home/harena/Documents/ITU/S4/Système d’information/RHInterne/public/index.php')
CRITICAL - 2026-05-20 05:40:43 --> CodeIgniter\Database\Exceptions\DatabaseException: Unable to prepare statement: no such table: employes
[Method: GET, Route: /]
in SYSTEMPATH/Database/BaseConnection.php on line 865.
 1 SYSTEMPATH/Database/BaseBuilder.php(1649): CodeIgniter\Database\BaseConnection->query()
 2 APPPATH/Controllers/Auth.php(17): CodeIgniter\Database\BaseBuilder->get()
 3 SYSTEMPATH/CodeIgniter.php(951): App\Controllers\Auth->index()
 4 SYSTEMPATH/CodeIgniter.php(497): CodeIgniter\CodeIgniter->runController()
 5 SYSTEMPATH/CodeIgniter.php(340): CodeIgniter\CodeIgniter->handleRequest()
 6 SYSTEMPATH/Boot.php(417): CodeIgniter\CodeIgniter->run()
 7 SYSTEMPATH/Boot.php(68): CodeIgniter\Boot::runCodeIgniter()
 8 FCPATH/index.php(59): CodeIgniter\Boot::bootWeb()
 9 SYSTEMPATH/rewrite.php(44): require_once('/home/harena/Documents/ITU/S4/Système d’information/RHInterne/public/index.php')
CRITICAL - 2026-05-20 05:40:43 --> [Caused by] CodeIgniter\Database\Exceptions\DatabaseException: Unable to prepare statement: no such table: employes
in SYSTEMPATH/Database/SQLite3/Connection.php on line 174.
 1 SYSTEMPATH/Database/BaseConnection.php(910): CodeIgniter\Database\SQLite3\Connection->execute()
 2 SYSTEMPATH/Database/BaseConnection.php(827): CodeIgniter\Database\BaseConnection->simpleQuery()
 3 SYSTEMPATH/Database/BaseBuilder.php(1649): CodeIgniter\Database\BaseConnection->query()
 4 APPPATH/Controllers/Auth.php(17): CodeIgniter\Database\BaseBuilder->get()
 5 SYSTEMPATH/CodeIgniter.php(951): App\Controllers\Auth->index()
 6 SYSTEMPATH/CodeIgniter.php(497): CodeIgniter\CodeIgniter->runController()
 7 SYSTEMPATH/CodeIgniter.php(340): CodeIgniter\CodeIgniter->handleRequest()
 8 SYSTEMPATH/Boot.php(417): CodeIgniter\CodeIgniter->run()
 9 SYSTEMPATH/Boot.php(68): CodeIgniter\Boot::runCodeIgniter()
10 FCPATH/index.php(59): CodeIgniter\Boot::bootWeb()
11 SYSTEMPATH/rewrite.php(44): require_once('/home/harena/Documents/ITU/S4/Système d’information/RHInterne/public/index.php')
CRITICAL - 2026-05-20 05:40:43 --> [Caused by] SQLite3Exception: Unable to prepare statement: no such table: employes
in SYSTEMPATH/Database/SQLite3/Connection.php on line 164.
 1 SYSTEMPATH/Database/SQLite3/Connection.php(164): SQLite3->query()
 2 SYSTEMPATH/Database/BaseConnection.php(910): CodeIgniter\Database\SQLite3\Connection->execute()
 3 SYSTEMPATH/Database/BaseConnection.php(827): CodeIgniter\Database\BaseConnection->simpleQuery()
 4 SYSTEMPATH/Database/BaseBuilder.php(1649): CodeIgniter\Database\BaseConnection->query()
 5 APPPATH/Controllers/Auth.php(17): CodeIgniter\Database\BaseBuilder->get()
 6 SYSTEMPATH/CodeIgniter.php(951): App\Controllers\Auth->index()
 7 SYSTEMPATH/CodeIgniter.php(497): CodeIgniter\CodeIgniter->runController()
 8 SYSTEMPATH/CodeIgniter.php(340): CodeIgniter\CodeIgniter->handleRequest()
 9 SYSTEMPATH/Boot.php(417): CodeIgniter\CodeIgniter->run()
10 SYSTEMPATH/Boot.php(68): CodeIgniter\Boot::runCodeIgniter()
11 FCPATH/index.php(59): CodeIgniter\Boot::bootWeb()
12 SYSTEMPATH/rewrite.php(44): require_once('/home/harena/Documents/ITU/S4/Système d’information/RHInterne/public/index.php')
ERROR - 2026-05-20 05:40:43 --> Unable to prepare statement: no such table: employes
in SYSTEMPATH/Database/SQLite3/Connection.php on line 164.
 1 SYSTEMPATH/Database/SQLite3/Connection.php(164): SQLite3->query()
 2 SYSTEMPATH/Database/BaseConnection.php(910): CodeIgniter\Database\SQLite3\Connection->execute()
 3 SYSTEMPATH/Database/BaseConnection.php(827): CodeIgniter\Database\BaseConnection->simpleQuery()
 4 SYSTEMPATH/Database/BaseBuilder.php(1649): CodeIgniter\Database\BaseConnection->query()
 5 APPPATH/Controllers/Auth.php(17): CodeIgniter\Database\BaseBuilder->get()
 6 SYSTEMPATH/CodeIgniter.php(951): App\Controllers\Auth->index()
 7 SYSTEMPATH/CodeIgniter.php(497): CodeIgniter\CodeIgniter->runController()
 8 SYSTEMPATH/CodeIgniter.php(340): CodeIgniter\CodeIgniter->handleRequest()
 9 SYSTEMPATH/Boot.php(417): CodeIgniter\CodeIgniter->run()
10 SYSTEMPATH/Boot.php(68): CodeIgniter\Boot::runCodeIgniter()
11 FCPATH/index.php(59): CodeIgniter\Boot::bootWeb()
12 SYSTEMPATH/rewrite.php(44): require_once('/home/harena/Documents/ITU/S4/Système d’information/RHInterne/public/index.php')
CRITICAL - 2026-05-20 05:40:43 --> CodeIgniter\Database\Exceptions\DatabaseException: Unable to prepare statement: no such table: employes
[Method: GET, Route: /]
in SYSTEMPATH/Database/BaseConnection.php on line 865.
 1 SYSTEMPATH/Database/BaseBuilder.php(1649): CodeIgniter\Database\BaseConnection->query()
 2 APPPATH/Controllers/Auth.php(17): CodeIgniter\Database\BaseBuilder->get()
 3 SYSTEMPATH/CodeIgniter.php(951): App\Controllers\Auth->index()
 4 SYSTEMPATH/CodeIgniter.php(497): CodeIgniter\CodeIgniter->runController()
 5 SYSTEMPATH/CodeIgniter.php(340): CodeIgniter\CodeIgniter->handleRequest()
 6 SYSTEMPATH/Boot.php(417): CodeIgniter\CodeIgniter->run()
 7 SYSTEMPATH/Boot.php(68): CodeIgniter\Boot::runCodeIgniter()
 8 FCPATH/index.php(59): CodeIgniter\Boot::bootWeb()
 9 SYSTEMPATH/rewrite.php(44): require_once('/home/harena/Documents/ITU/S4/Système d’information/RHInterne/public/index.php')
CRITICAL - 2026-05-20 05:40:43 --> [Caused by] CodeIgniter\Database\Exceptions\DatabaseException: Unable to prepare statement: no such table: employes
in SYSTEMPATH/Database/SQLite3/Connection.php on line 174.
 1 SYSTEMPATH/Database/BaseConnection.php(910): CodeIgniter\Database\SQLite3\Connection->execute()
 2 SYSTEMPATH/Database/BaseConnection.php(827): CodeIgniter\Database\BaseConnection->simpleQuery()
 3 SYSTEMPATH/Database/BaseBuilder.php(1649): CodeIgniter\Database\BaseConnection->query()
 4 APPPATH/Controllers/Auth.php(17): CodeIgniter\Database\BaseBuilder->get()
 5 SYSTEMPATH/CodeIgniter.php(951): App\Controllers\Auth->index()
 6 SYSTEMPATH/CodeIgniter.php(497): CodeIgniter\CodeIgniter->runController()
 7 SYSTEMPATH/CodeIgniter.php(340): CodeIgniter\CodeIgniter->handleRequest()
 8 SYSTEMPATH/Boot.php(417): CodeIgniter\CodeIgniter->run()
 9 SYSTEMPATH/Boot.php(68): CodeIgniter\Boot::runCodeIgniter()
10 FCPATH/index.php(59): CodeIgniter\Boot::bootWeb()
11 SYSTEMPATH/rewrite.php(44): require_once('/home/harena/Documents/ITU/S4/Système d’information/RHInterne/public/index.php')
CRITICAL - 2026-05-20 05:40:43 --> [Caused by] SQLite3Exception: Unable to prepare statement: no such table: employes
in SYSTEMPATH/Database/SQLite3/Connection.php on line 164.
 1 SYSTEMPATH/Database/SQLite3/Connection.php(164): SQLite3->query()
 2 SYSTEMPATH/Database/BaseConnection.php(910): CodeIgniter\Database\SQLite3\Connection->execute()
 3 SYSTEMPATH/Database/BaseConnection.php(827): CodeIgniter\Database\BaseConnection->simpleQuery()
 4 SYSTEMPATH/Database/BaseBuilder.php(1649): CodeIgniter\Database\BaseConnection->query()
 5 APPPATH/Controllers/Auth.php(17): CodeIgniter\Database\BaseBuilder->get()
 6 SYSTEMPATH/CodeIgniter.php(951): App\Controllers\Auth->index()
 7 SYSTEMPATH/CodeIgniter.php(497): CodeIgniter\CodeIgniter->runController()
 8 SYSTEMPATH/CodeIgniter.php(340): CodeIgniter\CodeIgniter->handleRequest()
 9 SYSTEMPATH/Boot.php(417): CodeIgniter\CodeIgniter->run()
10 SYSTEMPATH/Boot.php(68): CodeIgniter\Boot::runCodeIgniter()
11 FCPATH/index.php(59): CodeIgniter\Boot::bootWeb()
12 SYSTEMPATH/rewrite.php(44): require_once('/home/harena/Documents/ITU/S4/Système d’information/RHInterne/public/index.php')
ERROR - 2026-05-20 05:40:43 --> Unable to prepare statement: no such table: employes
in SYSTEMPATH/Database/SQLite3/Connection.php on line 164.
 1 SYSTEMPATH/Database/SQLite3/Connection.php(164): SQLite3->query()
 2 SYSTEMPATH/Database/BaseConnection.php(910): CodeIgniter\Database\SQLite3\Connection->execute()
 3 SYSTEMPATH/Database/BaseConnection.php(827): CodeIgniter\Database\BaseConnection->simpleQuery()
 4 SYSTEMPATH/Database/BaseBuilder.php(1649): CodeIgniter\Database\BaseConnection->query()
 5 APPPATH/Controllers/Auth.php(17): CodeIgniter\Database\BaseBuilder->get()
 6 SYSTEMPATH/CodeIgniter.php(951): App\Controllers\Auth->index()
 7 SYSTEMPATH/CodeIgniter.php(497): CodeIgniter\CodeIgniter->runController()
 8 SYSTEMPATH/CodeIgniter.php(340): CodeIgniter\CodeIgniter->handleRequest()
 9 SYSTEMPATH/Boot.php(417): CodeIgniter\CodeIgniter->run()
10 SYSTEMPATH/Boot.php(68): CodeIgniter\Boot::runCodeIgniter()
11 FCPATH/index.php(59): CodeIgniter\Boot::bootWeb()
12 SYSTEMPATH/rewrite.php(44): require_once('/home/harena/Documents/ITU/S4/Système d’information/RHInterne/public/index.php')
CRITICAL - 2026-05-20 05:40:43 --> CodeIgniter\Database\Exceptions\DatabaseException: Unable to prepare statement: no such table: employes
[Method: GET, Route: /]
in SYSTEMPATH/Database/BaseConnection.php on line 865.
 1 SYSTEMPATH/Database/BaseBuilder.php(1649): CodeIgniter\Database\BaseConnection->query()
 2 APPPATH/Controllers/Auth.php(17): CodeIgniter\Database\BaseBuilder->get()
 3 SYSTEMPATH/CodeIgniter.php(951): App\Controllers\Auth->index()
 4 SYSTEMPATH/CodeIgniter.php(497): CodeIgniter\CodeIgniter->runController()
 5 SYSTEMPATH/CodeIgniter.php(340): CodeIgniter\CodeIgniter->handleRequest()
 6 SYSTEMPATH/Boot.php(417): CodeIgniter\CodeIgniter->run()
 7 SYSTEMPATH/Boot.php(68): CodeIgniter\Boot::runCodeIgniter()
 8 FCPATH/index.php(59): CodeIgniter\Boot::bootWeb()
 9 SYSTEMPATH/rewrite.php(44): require_once('/home/harena/Documents/ITU/S4/Système d’information/RHInterne/public/index.php')
CRITICAL - 2026-05-20 05:40:43 --> [Caused by] CodeIgniter\Database\Exceptions\DatabaseException: Unable to prepare statement: no such table: employes
in SYSTEMPATH/Database/SQLite3/Connection.php on line 174.
 1 SYSTEMPATH/Database/BaseConnection.php(910): CodeIgniter\Database\SQLite3\Connection->execute()
 2 SYSTEMPATH/Database/BaseConnection.php(827): CodeIgniter\Database\BaseConnection->simpleQuery()
 3 SYSTEMPATH/Database/BaseBuilder.php(1649): CodeIgniter\Database\BaseConnection->query()
 4 APPPATH/Controllers/Auth.php(17): CodeIgniter\Database\BaseBuilder->get()
 5 SYSTEMPATH/CodeIgniter.php(951): App\Controllers\Auth->index()
 6 SYSTEMPATH/CodeIgniter.php(497): CodeIgniter\CodeIgniter->runController()
 7 SYSTEMPATH/CodeIgniter.php(340): CodeIgniter\CodeIgniter->handleRequest()
 8 SYSTEMPATH/Boot.php(417): CodeIgniter\CodeIgniter->run()
 9 SYSTEMPATH/Boot.php(68): CodeIgniter\Boot::runCodeIgniter()
10 FCPATH/index.php(59): CodeIgniter\Boot::bootWeb()
11 SYSTEMPATH/rewrite.php(44): require_once('/home/harena/Documents/ITU/S4/Système d’information/RHInterne/public/index.php')
CRITICAL - 2026-05-20 05:40:43 --> [Caused by] SQLite3Exception: Unable to prepare statement: no such table: employes
in SYSTEMPATH/Database/SQLite3/Connection.php on line 164.
 1 SYSTEMPATH/Database/SQLite3/Connection.php(164): SQLite3->query()
 2 SYSTEMPATH/Database/BaseConnection.php(910): CodeIgniter\Database\SQLite3\Connection->execute()
 3 SYSTEMPATH/Database/BaseConnection.php(827): CodeIgniter\Database\BaseConnection->simpleQuery()
 4 SYSTEMPATH/Database/BaseBuilder.php(1649): CodeIgniter\Database\BaseConnection->query()
 5 APPPATH/Controllers/Auth.php(17): CodeIgniter\Database\BaseBuilder->get()
 6 SYSTEMPATH/CodeIgniter.php(951): App\Controllers\Auth->index()
 7 SYSTEMPATH/CodeIgniter.php(497): CodeIgniter\CodeIgniter->runController()
 8 SYSTEMPATH/CodeIgniter.php(340): CodeIgniter\CodeIgniter->handleRequest()
 9 SYSTEMPATH/Boot.php(417): CodeIgniter\CodeIgniter->run()
10 SYSTEMPATH/Boot.php(68): CodeIgniter\Boot::runCodeIgniter()
11 FCPATH/index.php(59): CodeIgniter\Boot::bootWeb()
12 SYSTEMPATH/rewrite.php(44): require_once('/home/harena/Documents/ITU/S4/Système d’information/RHInterne/public/index.php')
ERROR - 2026-05-20 05:40:43 --> Unable to prepare statement: no such table: employes
in SYSTEMPATH/Database/SQLite3/Connection.php on line 164.
 1 SYSTEMPATH/Database/SQLite3/Connection.php(164): SQLite3->query()
 2 SYSTEMPATH/Database/BaseConnection.php(910): CodeIgniter\Database\SQLite3\Connection->execute()
 3 SYSTEMPATH/Database/BaseConnection.php(827): CodeIgniter\Database\BaseConnection->simpleQuery()
 4 SYSTEMPATH/Database/BaseBuilder.php(1649): CodeIgniter\Database\BaseConnection->query()
 5 APPPATH/Controllers/Auth.php(17): CodeIgniter\Database\BaseBuilder->get()
 6 SYSTEMPATH/CodeIgniter.php(951): App\Controllers\Auth->index()
 7 SYSTEMPATH/CodeIgniter.php(497): CodeIgniter\CodeIgniter->runController()
 8 SYSTEMPATH/CodeIgniter.php(340): CodeIgniter\CodeIgniter->handleRequest()
 9 SYSTEMPATH/Boot.php(417): CodeIgniter\CodeIgniter->run()
10 SYSTEMPATH/Boot.php(68): CodeIgniter\Boot::runCodeIgniter()
11 FCPATH/index.php(59): CodeIgniter\Boot::bootWeb()
12 SYSTEMPATH/rewrite.php(44): require_once('/home/harena/Documents/ITU/S4/Système d’information/RHInterne/public/index.php')
CRITICAL - 2026-05-20 05:40:43 --> CodeIgniter\Database\Exceptions\DatabaseException: Unable to prepare statement: no such table: employes
[Method: GET, Route: /]
in SYSTEMPATH/Database/BaseConnection.php on line 865.
 1 SYSTEMPATH/Database/BaseBuilder.php(1649): CodeIgniter\Database\BaseConnection->query()
 2 APPPATH/Controllers/Auth.php(17): CodeIgniter\Database\BaseBuilder->get()
 3 SYSTEMPATH/CodeIgniter.php(951): App\Controllers\Auth->index()
 4 SYSTEMPATH/CodeIgniter.php(497): CodeIgniter\CodeIgniter->runController()
 5 SYSTEMPATH/CodeIgniter.php(340): CodeIgniter\CodeIgniter->handleRequest()
 6 SYSTEMPATH/Boot.php(417): CodeIgniter\CodeIgniter->run()
 7 SYSTEMPATH/Boot.php(68): CodeIgniter\Boot::runCodeIgniter()
 8 FCPATH/index.php(59): CodeIgniter\Boot::bootWeb()
 9 SYSTEMPATH/rewrite.php(44): require_once('/home/harena/Documents/ITU/S4/Système d’information/RHInterne/public/index.php')
CRITICAL - 2026-05-20 05:40:43 --> [Caused by] CodeIgniter\Database\Exceptions\DatabaseException: Unable to prepare statement: no such table: employes
in SYSTEMPATH/Database/SQLite3/Connection.php on line 174.
 1 SYSTEMPATH/Database/BaseConnection.php(910): CodeIgniter\Database\SQLite3\Connection->execute()
 2 SYSTEMPATH/Database/BaseConnection.php(827): CodeIgniter\Database\BaseConnection->simpleQuery()
 3 SYSTEMPATH/Database/BaseBuilder.php(1649): CodeIgniter\Database\BaseConnection->query()
 4 APPPATH/Controllers/Auth.php(17): CodeIgniter\Database\BaseBuilder->get()
 5 SYSTEMPATH/CodeIgniter.php(951): App\Controllers\Auth->index()
 6 SYSTEMPATH/CodeIgniter.php(497): CodeIgniter\CodeIgniter->runController()
 7 SYSTEMPATH/CodeIgniter.php(340): CodeIgniter\CodeIgniter->handleRequest()
 8 SYSTEMPATH/Boot.php(417): CodeIgniter\CodeIgniter->run()
 9 SYSTEMPATH/Boot.php(68): CodeIgniter\Boot::runCodeIgniter()
10 FCPATH/index.php(59): CodeIgniter\Boot::bootWeb()
11 SYSTEMPATH/rewrite.php(44): require_once('/home/harena/Documents/ITU/S4/Système d’information/RHInterne/public/index.php')
CRITICAL - 2026-05-20 05:40:43 --> [Caused by] SQLite3Exception: Unable to prepare statement: no such table: employes
in SYSTEMPATH/Database/SQLite3/Connection.php on line 164.
 1 SYSTEMPATH/Database/SQLite3/Connection.php(164): SQLite3->query()
 2 SYSTEMPATH/Database/BaseConnection.php(910): CodeIgniter\Database\SQLite3\Connection->execute()
 3 SYSTEMPATH/Database/BaseConnection.php(827): CodeIgniter\Database\BaseConnection->simpleQuery()
 4 SYSTEMPATH/Database/BaseBuilder.php(1649): CodeIgniter\Database\BaseConnection->query()
 5 APPPATH/Controllers/Auth.php(17): CodeIgniter\Database\BaseBuilder->get()
 6 SYSTEMPATH/CodeIgniter.php(951): App\Controllers\Auth->index()
 7 SYSTEMPATH/CodeIgniter.php(497): CodeIgniter\CodeIgniter->runController()
 8 SYSTEMPATH/CodeIgniter.php(340): CodeIgniter\CodeIgniter->handleRequest()
 9 SYSTEMPATH/Boot.php(417): CodeIgniter\CodeIgniter->run()
10 SYSTEMPATH/Boot.php(68): CodeIgniter\Boot::runCodeIgniter()
11 FCPATH/index.php(59): CodeIgniter\Boot::bootWeb()
12 SYSTEMPATH/rewrite.php(44): require_once('/home/harena/Documents/ITU/S4/Système d’information/RHInterne/public/index.php')
